Workbook

Sheet v1.1
A1: Sheet by Hematite based on 1.1 data provided by @Kaphotics!
A2: Pokémon | C2: Sticker | D2: Lv | E2: Ability | G2: Item | H2: Moves | I2: Nature | J2: EVs | P2: IVs
J3: HP | K3: Atk | L3: Def | M3: SpA | N3: SpD | O3: Spe
B4: Trainer ID 1 | D4: Youngster Tristan
A5: =IF(COUNTIF('Icon Lookup'!C:C,B5)>0,LOOKUP(B5,'Icon Lookup'!C:C,'Icon Lookup'!B:B),"") | B5: Starly | D5: 5 | E5: Keen Eye | H5: Tackle / Growl / Quick Attack | I5: Jolly | J5: 0 | K5: 0 | L5: 0 | M5: 0 | N5: 0 | O5: 0 | P5: 0 | Q5: 0 | R5: 0 | S5: 0 | T5: 0 | U5: 0
B6: Trainer ID 2 | D6: Youngster Logan
A7: =IF(COUNTIF('Icon Lookup'!C:C,B7)>0,LOOKUP(B7,'Icon Lookup'!C:C,'Icon Lookup'!B:B),"") | B7: Shinx | D7: 5 | E7: Intimidate | H7: Tackle / Leer / Thunder Shock | I7: Jolly | J7: 0 | K7: 0 | L7: 0 | M7: 0 | N7: 0 | O7: 0 | P7: 0 | Q7: 0 | R7: 0 | S7: 0 | T7: 0 | U7: 0
B8: Trainer ID 3 | D8: Lass Natalie
A9: =IF(COUNTIF('Icon Lookup'!C:C,B9)>0,LOOKUP(B9,'Icon Lookup'!C:C,'Icon Lookup'!B:B),"") | B9: Bidoof | D9: 3 | E9: Unaware | H9: Tackle / Growl | I9: Jolly | J9: 0 | K9: 0 | L9: 0 | M9: 0 | N9: 0 | O9: 0 | P9: 0 | Q9: 0 | R9: 0 | S9: 0 | T9: 0 | U9: 0
A10: =IF(COUNTIF('Icon Lookup'!C:C,B10)>0,LOOKUP(B10,'Icon Lookup'!C:C,'Icon Lookup'!B:B),"") | B10: Bidoof | D10: 3 | E10: Unaware | H10: Tackle / Growl | I10: Jolly | J10: 0 | K10: 0 | L10: 0 | M10: 0 | N10: 0 | O10: 0 | P10: 0 | Q10: 0 | R10: 0 | S10: 0 | T10: 0 | U10: 0
B11: Trainer ID 4 | D11: Youngster Michael
A12: =IF(COUNTIF('Icon Lookup'!C:C,B12)>0,LOOKUP(B12,'Icon Lookup'!C:C,'Icon Lookup'!B:B),"") | B12: Bidoof | D12: 5 | E12: Unaware | H12: Tackle / Growl / Defense Curl | I12: Docile | J12: 0 | K12: 0 | L12: 0 | M12: 0 | N12: 0 | O12: 0 | P12: 0 | Q12: 0 | R12: 0 | S12: 0 | T12: 0 | U12: 0
A13: =IF(COUNTIF('Icon Lookup'!C:C,B13)>0,LOOKUP(B13,'Icon Lookup'!C:C,'Icon Lookup'!B:B),"") | B13: Zubat | D13: 5 | E13: Inner Focus | H13: Absorb / Supersonic / Astonish | I13: Hasty | J13: 0 | K13: 0 | L13: 0 | M13: 0 | N13: 0 | O13: 0 | P13: 0 | Q13: 0 | R13: 0 | S13: 0 | T13: 0 | U13: 0
B14: Trainer ID 5 | D14: Youngster Tyler
A15: =IF(COUNTIF('Icon Lookup'!C:C,B15)>0,LOOKUP(B15,'Icon Lookup'!C:C,'Icon Lookup'!B:B),"") | B15: Magikarp | D15: 5 | E15: Swift Swim | H15: Splash | I15: Naive | J15: 0 | K15: 0 | L15: 0 | M15: 0 | N15: 0 | O15: 0 | P15: 0 | Q15: 0 | R15: 0 | S15: 0 | T15: 0 | U15: 0
A16: =IF(COUNTIF('Icon Lookup'!C:C,B16)>0,LOOKUP(B16,'Icon Lookup'!C:C,'Icon Lookup'!B:B),"") | B16: Starly | D16: 5 | E16: Keen Eye | H16: Tackle / Growl / Quick Attack | I16: Docile | J16: 0 | K16: 0 | L16: 0 | M16: 0 | N16: 0 | O16: 0 | P16: 0 | Q16: 0 | R16: 0 | S16: 0 | T16: 0 | U16: 0
B17: Trainer ID 6 | D17: Lass Samantha
A18: =IF(COUNTIF('Icon Lookup'!C:C,B18)>0,LOOKUP(B18,'Icon Lookup'!C:C,'Icon Lookup'!B:B),"") | B18: Budew | D18: 7 | E18: Poison Point | H18: Absorb / Growth / Stun Spore / Worry Seed | I18: Timid | J18: 0 | K18: 0 | L18: 0 | M18: 0 | N18: 0 | O18: 0 | P18: 0 | Q18: 0 | R18: 0 | S18: 0 | T18: 0 | U18: 0
B19: Trainer ID 7 | D19: Lass Sarah
A20: =IF(COUNTIF('Icon Lookup'!C:C,B20)>0,LOOKUP(B20,'Icon Lookup'!C:C,'Icon Lookup'!B:B),"") | B20: Bidoof | D20: 7 | E20: Unaware | H20: Tackle / Growl / Defense Curl | I20: Jolly | J20: 0 | K20: 0 | L20: 0 | M20: 0 | N20: 0 | O20: 0 | P20: 0 | Q20: 0 | R20: 0 | S20: 0 | T20: 0 | U20: 0
B21: Trainer ID 8 | D21: Bug Catcher Brandon
A22: =IF(COUNTIF('Icon Lookup'!C:C,B22)>0,LOOKUP(B22,'Icon Lookup'!C:C,'Icon Lookup'!B:B),"") | B22: Kricketot | D22: 7 | E22: Shed Skin | H22: Growl / Pound / Struggle Bug | I22: Timid | J22: 0 | K22: 0 | L22: 0 | M22: 0 | N22: 0 | O22: 0 | P22: 0 | Q22: 0 | R22: 0 | S22: 0 | T22: 0 | U22: 0
A23: =IF(COUNTIF('Icon Lookup'!C:C,B23)>0,LOOKUP(B23,'Icon Lookup'!C:C,'Icon Lookup'!B:B),"") | B23: Wurmple | D23: 7 | E23: Shield Dust | H23: Tackle / String Shot / Poison Sting | I23: Timid | J23: 0 | K23: 0 | L23: 0 | M23: 0 | N23: 0 | O23: 0 | P23: 0 | Q23: 0 | R23: 0 | S23: 0 | T23: 0 | U23: 0
B24: Trainer ID 9 | D24: Aroma Lady Teighler
A25: =IF(COUNTIF('Icon Lookup'!C:C,B25)>0,LOOKUP(B25,'Icon Lookup'!C:C,'Icon Lookup'!B:B),"") | B25: Budew | D25: 7 | E25: Poison Point | H25: Absorb / Growth / Stun Spore / Worry Seed | I25: Timid | J25: 0 | K25: 0 | L25: 0 | M25: 0 | N25: 0 | O25: 0 | P25: 0 | Q25: 0 | R25: 0 | S25: 0 | T25: 0 | U25: 0
A26: =IF(COUNTIF('Icon Lookup'!C:C,B26)>0,LOOKUP(B26,'Icon Lookup'!C:C,'Icon Lookup'!B:B),"") | B26: Cherubi | D26: 7 | E26: Chlorophyll | H26: Morning Sun / Tackle / Leafage | I26: Timid | J26: 0 | K26: 0 | L26: 0 | M26: 0 | N26: 0 | O26: 0 | P26: 0 | Q26: 0 | R26: 0 | S26: 0 | T26: 0 | U26: 0
B27: Trainer ID 10 | D27: Twins Liv
A28: =IF(COUNTIF('Icon Lookup'!C:C,B28)>0,LOOKUP(B28,'Icon Lookup'!C:C,'Icon Lookup'!B:B),"") | B28: Pachirisu | D28: 9 | E28: Pickup | H28: Growl / Baby-Doll Eyes / Quick Attack / Charm | I28: Quirky | J28: 0 | K28: 0 | L28: 0 | M28: 0 | N28: 0 | O28: 0 | P28: 0 | Q28: 0 | R28: 0 | S28: 0 | T28: 0 | U28: 0
B29: Trainer ID 11 | D29: Twins Liz
A30: =IF(COUNTIF('Icon Lookup'!C:C,B30)>0,LOOKUP(B30,'Icon Lookup'!C:C,'Icon Lookup'!B:B),"") | B30: Pachirisu | D30: 9 | E30: Pickup | H30: Growl / Baby-Doll Eyes / Quick Attack / Charm | I30: Quirky | J30: 0 | K30: 0 | L30: 0 | M30: 0 | N30: 0 | O30: 0 | P30: 0 | Q30: 0 | R30: 0 | S30: 0 | T30: 0 | U30: 0
B31: Trainer ID 12 | D31: Camper Jacob
A32: =IF(COUNTIF('Icon Lookup'!C:C,B32)>0,LOOKUP(B32,'Icon Lookup'!C:C,'Icon Lookup'!B:B),"") | B32: Ponyta | D32: 14 | E32: Flash Fire | H32: Tackle / Growl / Tail Whip / Ember | I32: Hasty | J32: 0 | K32: 0 | L32: 0 | M32: 0 | N32: 0 | O32: 0 | P32: 0 | Q32: 0 | R32: 0 | S32: 0 | T32: 0 | U32: 0
B33: Trainer ID 13 | D33: Picnicker Siena
A34: =IF(COUNTIF('Icon Lookup'!C:C,B34)>0,LOOKUP(B34,'Icon Lookup'!C:C,'Icon Lookup'!B:B),"") | B34: Shinx | D34: 12 | E34: Intimidate | H34: Tackle / Leer / Thunder Shock / Bite | I34: Jolly | J34: 0 | K34: 0 | L34: 0 | M34: 0 | N34: 0 | O34: 0 | P34: 0 | Q34: 0 | R34: 0 | S34: 0 | T34: 0 | U34: 0
A35: =IF(COUNTIF('Icon Lookup'!C:C,B35)>0,LOOKUP(B35,'Icon Lookup'!C:C,'Icon Lookup'!B:B),"") | B35: Pachirisu | D35: 12 | E35: Pickup | H35: Growl / Baby-Doll Eyes / Quick Attack / Charm | I35: Quirky | J35: 0 | K35: 0 | L35: 0 | M35: 0 | N35: 0 | O35: 0 | P35: 0 | Q35: 0 | R35: 0 | S35: 0 | T35: 0 | U35: 0
B36: Trainer ID 14 | D36: Hiker Daniel
A37: =IF(COUNTIF('Icon Lookup'!C:C,B37)>0,LOOKUP(B37,'Icon Lookup'!C:C,'Icon Lookup'!B:B),"") | B37: Geodude | D37: 11 | E37: Rock Head | H37: Tackle / Defense Curl / Rock Polish / Rollout | I37: Relaxed | J37: 0 | K37: 0 | L37: 0 | M37: 0 | N37: 0 | O37: 0 | P37: 0 | Q37: 0 | R37: 0 | S37: 0 | T37: 0 | U37: 0
A38: =IF(COUNTIF('Icon Lookup'!C:C,B38)>0,LOOKUP(B38,'Icon Lookup'!C:C,'Icon Lookup'!B:B),"") | B38: Machop | D38: 11 | E38: No Guard | H38: Low Kick / Leer / Focus Energy / Revenge | I38: Relaxed | J38: 0 | K38: 0 | L38: 0 | M38: 0 | N38: 0 | O38: 0 | P38: 0 | Q38: 0 | R38: 0 | S38: 0 | T38: 0 | U38: 0
A39: =IF(COUNTIF('Icon Lookup'!C:C,B39)>0,LOOKUP(B39,'Icon Lookup'!C:C,'Icon Lookup'!B:B),"") | B39: Geodude | D39: 11 | E39: Rock Head | H39: Tackle / Defense Curl / Rock Polish / Rollout | I39: Relaxed | J39: 0 | K39: 0 | L39: 0 | M39: 0 | N39: 0 | O39: 0 | P39: 0 | Q39: 0 | R39: 0 | S39: 0 | T39: 0 | U39: 0
A40: =IF(COUNTIF('Icon Lookup'!C:C,B40)>0,LOOKUP(B40,'Icon Lookup'!C:C,'Icon Lookup'!B:B),"") | B40: Bidoof | D40: 11 | E40: Unaware | H40: Tackle / Growl / Defense Curl / Rollout | I40: Hardy | J40: 0 | K40: 0 | L40: 0 | M40: 0 | N40: 0 | O40: 0 | P40: 0 | Q40: 0 | R40: 0 | S40: 0 | T40: 0 | U40: 0
B41: Trainer ID 15 | D41: Hiker Nicholas
A42: =IF(COUNTIF('Icon Lookup'!C:C,B42)>0,LOOKUP(B42,'Icon Lookup'!C:C,'Icon Lookup'!B:B),"") | B42: Onix | D42: 14 | E42: Sturdy | H42: Tackle / Harden / Bind / Rock Throw | I42: Relaxed | J42: 0 | K42: 0 | L42: 0 | M42: 0 | N42: 0 | O42: 0 | P42: 0 | Q42: 0 | R42: 0 | S42: 0 | T42: 0 | U42: 0
B43: Trainer ID 16 | D43: Battle Girl Kelsey
A44: =IF(COUNTIF('Icon Lookup'!C:C,B44)>0,LOOKUP(B44,'Icon Lookup'!C:C,'Icon Lookup'!B:B),"") | B44: Machop | D44: 15 | E44: No Guard | H44: Low Kick / Leer / Focus Energy / Low Sweep | I44: Jolly | J44: 0 | K44: 0 | L44: 0 | M44: 0 | N44: 0 | O44: 0 | P44: 0 | Q44: 0 | R44: 0 | S44: 0 | T44: 0 | U44: 0
B45: Trainer ID 17 | D45: Aroma Lady Elizabeth
A46: =IF(COUNTIF('Icon Lookup'!C:C,B46)>0,LOOKUP(B46,'Icon Lookup'!C:C,'Icon Lookup'!B:B),"") | B46: Budew | D46: 14 | E46: Poison Point | H46: Absorb / Growth / Stun Spore / Worry Seed | I46: Calm | J46: 0 | K46: 0 | L46: 0 | M46: 0 | N46: 0 | O46: 0 | P46: 0 | Q46: 0 | R46: 0 | S46: 0 | T46: 0 | U46: 0
B47: Trainer ID 18 | D47: Fisher Andrew
A48: =IF(COUNTIF('Icon Lookup'!C:C,B48)>0,LOOKUP(B48,'Icon Lookup'!C:C,'Icon Lookup'!B:B),"") | B48: Magikarp | D48: 10 | E48: Swift Swim | H48: Splash | I48: Relaxed | J48: 0 | K48: 0 | L48: 0 | M48: 0 | N48: 0 | O48: 0 | P48: 0 | Q48: 0 | R48: 0 | S48: 0 | T48: 0 | U48: 0
A49: =IF(COUNTIF('Icon Lookup'!C:C,B49)>0,LOOKUP(B49,'Icon Lookup'!C:C,'Icon Lookup'!B:B),"") | B49: Magikarp | D49: 10 | E49: Swift Swim | H49: Splash | I49: Relaxed | J49: 0 | K49: 0 | L49: 0 | M49: 0 | N49: 0 | O49: 0 | P49: 0 | Q49: 0 | R49: 0 | S49: 0 | T49: 0 | U49: 0
A50: =IF(COUNTIF('Icon Lookup'!C:C,B50)>0,LOOKUP(B50,'Icon Lookup'!C:C,'Icon Lookup'!B:B),"") | B50: Magikarp | D50: 10 | E50: Swift Swim | H50: Splash | I50: Relaxed | J50: 0 | K50: 0 | L50: 0 | M50: 0 | N50: 0 | O50: 0 | P50: 0 | Q50: 0 | R50: 0 | S50: 0 | T50: 0 | U50: 0
A51: =IF(COUNTIF('Icon Lookup'!C:C,B51)>0,LOOKUP(B51,'Icon Lookup'!C:C,'Icon Lookup'!B:B),"") | B51: Magikarp | D51: 10 | E51: Swift Swim | H51: Splash | I51: Relaxed | J51: 0 | K51: 0 | L51: 0 | M51: 0 | N51: 0 | O51: 0 | P51: 0 | Q51: 0 | R51: 0 | S51: 0 | T51: 0 | U51: 0
A52: =IF(COUNTIF('Icon Lookup'!C:C,B52)>0,LOOKUP(B52,'Icon Lookup'!C:C,'Icon Lookup'!B:B),"") | B52: Magikarp | D52: 10 | E52: Swift Swim | H52: Splash | I52: Relaxed | J52: 0 | K52: 0 | L52: 0 | M52: 0 | N52: 0 | O52: 0 | P52: 0 | Q52: 0 | R52: 0 | S52: 0 | T52: 0 | U52: 0
A53: =IF(COUNTIF('Icon Lookup'!C:C,B53)>0,LOOKUP(B53,'Icon Lookup'!C:C,'Icon Lookup'!B:B),"") | B53: Magikarp | D53: 10 | E53: Swift Swim | H53: Splash | I53: Relaxed | J53: 0 | K53: 0 | L53: 0 | M53: 0 | N53: 0 | O53: 0 | P53: 0 | Q53: 0 | R53: 0 | S53: 0 | T53: 0 | U53: 0
B54: Trainer ID 19 | D54: Fisher Joseph
A55: =IF(COUNTIF('Icon Lookup'!C:C,B55)>0,LOOKUP(B55,'Icon Lookup'!C:C,'Icon Lookup'!B:B),"") | B55: Goldeen | D55: 14 | E55: Water Veil | H55: Peck / Tail Whip / Supersonic / Water Pulse | I55: Jolly | J55: 0 | K55: 0 | L55: 0 | M55: 0 | N55: 0 | O55: 0 | P55: 0 | Q55: 0 | R55: 0 | S55: 0 | T55: 0 | U55: 0
B56: Trainer ID 20 | D56: Fisher Zachary
A57: =IF(COUNTIF('Icon Lookup'!C:C,B57)>0,LOOKUP(B57,'Icon Lookup'!C:C,'Icon Lookup'!B:B),"") | B57: Magikarp | D57: 10 | E57: Swift Swim | H57: Splash | I57: Relaxed | J57: 0 | K57: 0 | L57: 0 | M57: 0 | N57: 0 | O57: 0 | P57: 0 | Q57: 0 | R57: 0 | S57: 0 | T57: 0 | U57: 0
A58: =IF(COUNTIF('Icon Lookup'!C:C,B58)>0,LOOKUP(B58,'Icon Lookup'!C:C,'Icon Lookup'!B:B),"") | B58: Goldeen | D58: 13 | E58: Water Veil | H58: Peck / Tail Whip / Supersonic / Water Pulse | I58: Relaxed | J58: 0 | K58: 0 | L58: 0 | M58: 0 | N58: 0 | O58: 0 | P58: 0 | Q58: 0 | R58: 0 | S58: 0 | T58: 0 | U58: 0
A59: =IF(COUNTIF('Icon Lookup'!C:C,B59)>0,LOOKUP(B59,'Icon Lookup'!C:C,'Icon Lookup'!B:B),"") | B59: Magikarp | D59: 10 | E59: Swift Swim | H59: Splash | I59: Relaxed | J59: 0 | K59: 0 | L59: 0 | M59: 0 | N59: 0 | O59: 0 | P59: 0 | Q59: 0 | R59: 0 | S59: 0 | T59: 0 | U59: 0
B60: Trainer ID 21 | D60: Cyclist Axel
A61: =IF(COUNTIF('Icon Lookup'!C:C,B61)>0,LOOKUP(B61,'Icon Lookup'!C:C,'Icon Lookup'!B:B),"") | B61: Staravia | D61: 17 | E61: Intimidate | H61: Growl / Quick Attack / Wing Attack / Double Team | I61: Naive | J61: 0 | K61: 0 | L61: 0 | M61: 0 | N61: 0 | O61: 0 | P61: 0 | Q61: 0 | R61: 0 | S61: 0 | T61: 0 | U61: 0
B62: Trainer ID 22 | D62: Cyclist James
A63: =IF(COUNTIF('Icon Lookup'!C:C,B63)>0,LOOKUP(B63,'Icon Lookup'!C:C,'Icon Lookup'!B:B),"") | B63: Ponyta | D63: 17 | E63: Run Away | H63: Tackle / Growl / Tail Whip / Flame Charge | I63: Hasty | J63: 0 | K63: 0 | L63: 0 | M63: 0 | N63: 0 | O63: 0 | P63: 0 | Q63: 0 | R63: 0 | S63: 0 | T63: 0 | U63: 0
B64: Trainer ID 23 | D64: Cyclist John
A65: =IF(COUNTIF('Icon Lookup'!C:C,B65)>0,LOOKUP(B65,'Icon Lookup'!C:C,'Icon Lookup'!B:B),"") | B65: Starly | D65: 15 | E65: Keen Eye | H65: Growl / Quick Attack / Wing Attack / Double Team | I65: Jolly | J65: 0 | K65: 0 | L65: 0 | M65: 0 | N65: 0 | O65: 0 | P65: 0 | Q65: 0 | R65: 0 | S65: 0 | T65: 0 | U65: 0
A66: =IF(COUNTIF('Icon Lookup'!C:C,B66)>0,LOOKUP(B66,'Icon Lookup'!C:C,'Icon Lookup'!B:B),"") | B66: Staravia | D66: 15 | E66: Intimidate | H66: Growl / Quick Attack / Wing Attack / Double Team | I66: Jolly | J66: 0 | K66: 0 | L66: 0 | M66: 0 | N66: 0 | O66: 0 | P66: 0 | Q66: 0 | R66: 0 | S66: 0 | T66: 0 | U66: 0
B67: Trainer ID 24 | D67: Cyclist Ryan
A68: =IF(COUNTIF('Icon Lookup'!C:C,B68)>0,LOOKUP(B68,'Icon Lookup'!C:C,'Icon Lookup'!B:B),"") | B68: Zubat | D68: 17 | E68: Inner Focus | H68: Absorb / Astonish / Mean Look / Poison Fang | I68: Hasty | J68: 0 | K68: 0 | L68: 0 | M68: 0 | N68: 0 | O68: 0 | P68: 0 | Q68: 0 | R68: 0 | S68: 0 | T68: 0 | U68: 0
B69: Trainer ID 25 | D69: Cyclist Megan
A70: =IF(COUNTIF('Icon Lookup'!C:C,B70)>0,LOOKUP(B70,'Icon Lookup'!C:C,'Icon Lookup'!B:B),"") | B70: Shinx | D70: 17 | E70: Intimidate | H70: Tackle / Leer / Bite / Spark | I70: Jolly | J70: 0 | K70: 0 | L70: 0 | M70: 0 | N70: 0 | O70: 0 | P70: 0 | Q70: 0 | R70: 0 | S70: 0 | T70: 0 | U70: 0
B71: Trainer ID 26 | D71: Cyclist Nicole
A72: =IF(COUNTIF('Icon Lookup'!C:C,B72)>0,LOOKUP(B72,'Icon Lookup'!C:C,'Icon Lookup'!B:B),"") | B72: Starly | D72: 15 | E72: Keen Eye | H72: Tackle / Growl / Quick Attack / Wing Attack | I72: Quirky | J72: 0 | K72: 0 | L72: 0 | M72: 0 | N72: 0 | O72: 0 | P72: 0 | Q72: 0 | R72: 0 | S72: 0 | T72: 0 | U72: 0
A73: =IF(COUNTIF('Icon Lookup'!C:C,B73)>0,LOOKUP(B73,'Icon Lookup'!C:C,'Icon Lookup'!B:B),"") | B73: Ponyta | D73: 15 | E73: Run Away | H73: Tackle / Growl / Tail Whip / Flame Charge | I73: Jolly | J73: 0 | K73: 0 | L73: 0 | M73: 0 | N73: 0 | O73: 0 | P73: 0 | Q73: 0 | R73: 0 | S73: 0 | T73: 0 | U73: 0
B74: Trainer ID 27 | D74: Cyclist Kayla
A75: =IF(COUNTIF('Icon Lookup'!C:C,B75)>0,LOOKUP(B75,'Icon Lookup'!C:C,'Icon Lookup'!B:B),"") | B75: Pikachu | D75: 17 | E75: Static | H75: Quick Attack / Tail Whip / Nuzzle / Electro Ball | I75: Jolly | J75: 0 | K75: 0 | L75: 0 | M75: 0 | N75: 0 | O75: 0 | P75: 0 | Q75: 0 | R75: 0 | S75: 0 | T75: 0 | U75: 0
B76: Trainer ID 28 | D76: Cyclist Rachel
A77: =IF(COUNTIF('Icon Lookup'!C:C,B77)>0,LOOKUP(B77,'Icon Lookup'!C:C,'Icon Lookup'!B:B),"") | B77: Shinx | D77: 15 | E77: Intimidate | H77: Tackle / Leer / Thunder Shock / Bite | I77: Jolly | J77: 0 | K77: 0 | L77: 0 | M77: 0 | N77: 0 | O77: 0 | P77: 0 | Q77: 0 | R77: 0 | S77: 0 | T77: 0 | U77: 0
A78: =IF(COUNTIF('Icon Lookup'!C:C,B78)>0,LOOKUP(B78,'Icon Lookup'!C:C,'Icon Lookup'!B:B),"") | B78: Shinx | D78: 15 | E78: Intimidate | H78: Tackle / Leer / Thunder Shock / Bite | I78: Jolly | J78: 0 | K78: 0 | L78: 0 | M78: 0 | N78: 0 | O78: 0 | P78: 0 | Q78: 0 | R78: 0 | S78: 0 | T78: 0 | U78: 0
B79: Trainer ID 29 | D79: Youngster Austin
A80: =IF(COUNTIF('Icon Lookup'!C:C,B80)>0,LOOKUP(B80,'Icon Lookup'!C:C,'Icon Lookup'!B:B),"") | B80: Starly | D80: 15 | E80: Keen Eye | H80: Growl / Quick Attack / Wing Attack / Double Team | I80: Docile | J80: 0 | K80: 0 | L80: 0 | M80: 0 | N80: 0 | O80: 0 | P80: 0 | Q80: 0 | R80: 0 | S80: 0 | T80: 0 | U80: 0
A81: =IF(COUNTIF('Icon Lookup'!C:C,B81)>0,LOOKUP(B81,'Icon Lookup'!C:C,'Icon Lookup'!B:B),"") | B81: Geodude | D81: 15 | E81: Rock Head | H81: Defense Curl / Sandstorm / Rock Polish / Rollout | I81: Naive | J81: 0 | K81: 0 | L81: 0 | M81: 0 | N81: 0 | O81: 0 | P81: 0 | Q81: 0 | R81: 0 | S81: 0 | T81: 0 | U81: 0
A82: =IF(COUNTIF('Icon Lookup'!C:C,B82)>0,LOOKUP(B82,'Icon Lookup'!C:C,'Icon Lookup'!B:B),"") | B82: Chimchar | D82: 18 | E82: Blaze | H82: Leer / Taunt / Fury Swipes / Flame Wheel | I82: Docile | J82: 0 | K82: 0 | L82: 0 | M82: 0 | N82: 0 | O82: 0 | P82: 0 | Q82: 0 | R82: 0 | S82: 0 | T82: 0 | U82: 0
B83: Trainer ID 30 | D83: Camper Anthony
A84: =IF(COUNTIF('Icon Lookup'!C:C,B84)>0,LOOKUP(B84,'Icon Lookup'!C:C,'Icon Lookup'!B:B),"") | B84: Ponyta | D84: 19 | E84: Run Away | H84: Tackle / Growl / Tail Whip / Flame Charge | I84: Hasty | J84: 0 | K84: 0 | L84: 0 | M84: 0 | N84: 0 | O84: 0 | P84: 0 | Q84: 0 | R84: 0 | S84: 0 | T84: 0 | U84: 0
B85: Trainer ID 31 | D85: Picnicker Lauren
A86: =IF(COUNTIF('Icon Lookup'!C:C,B86)>0,LOOKUP(B86,'Icon Lookup'!C:C,'Icon Lookup'!B:B),"") | B86: Pachirisu | D86: 19 | E86: Pickup | H86: Baby-Doll Eyes / Quick Attack / Spark / Nuzzle | I86: Quirky | J86: 0 | K86: 0 | L86: 0 | M86: 0 | N86: 0 | O86: 0 | P86: 0 | Q86: 0 | R86: 0 | S86: 0 | T86: 0 | U86: 0
B87: Trainer ID 32 | D87: Hiker Kevyn
A88: =IF(COUNTIF('Icon Lookup'!C:C,B88)>0,LOOKUP(B88,'Icon Lookup'!C:C,'Icon Lookup'!B:B),"") | B88: Geodude | D88: 15 | E88: Rock Head | H88: Tackle / Defense Curl / Rock Polish / Rollout | I88: Relaxed | J88: 0 | K88: 0 | L88: 0 | M88: 0 | N88: 0 | O88: 0 | P88: 0 | Q88: 0 | R88: 0 | S88: 0 | T88: 0 | U88: 0
A89: =IF(COUNTIF('Icon Lookup'!C:C,B89)>0,LOOKUP(B89,'Icon Lookup'!C:C,'Icon Lookup'!B:B),"") | B89: Geodude | D89: 16 | E89: Rock Head | H89: Tackle / Rock Polish / Harden / Rock Throw | I89: Relaxed | J89: 0 | K89: 0 | L89: 0 | M89: 0 | N89: 0 | O89: 0 | P89: 0 | Q89: 0 | R89: 0 | S89: 0 | T89: 0 | U89: 0
A90: =IF(COUNTIF('Icon Lookup'!C:C,B90)>0,LOOKUP(B90,'Icon Lookup'!C:C,'Icon Lookup'!B:B),"") | B90: Zubat | D90: 17 | E90: Inner Focus | H90: Absorb / Supersonic / Astonish / Poison Fang | I90: Sassy | J90: 0 | K90: 0 | L90: 0 | M90: 0 | N90: 0 | O90: 0 | P90: 0 | Q90: 0 | R90: 0 | S90: 0 | T90: 0 | U90: 0
A91: =IF(COUNTIF('Icon Lookup'!C:C,B91)>0,LOOKUP(B91,'Icon Lookup'!C:C,'Icon Lookup'!B:B),"") | B91: Geodude | D91: 16 | E91: Rock Head | H91: Tackle / Rock Polish / Harden / Rock Throw | I91: Relaxed | J91: 0 | K91: 0 | L91: 0 | M91: 0 | N91: 0 | O91: 0 | P91: 0 | Q91: 0 | R91: 0 | S91: 0 | T91: 0 | U91: 0
B92: Trainer ID 33 | D92: Hiker Justin
A93: =IF(COUNTIF('Icon Lookup'!C:C,B93)>0,LOOKUP(B93,'Icon Lookup'!C:C,'Icon Lookup'!B:B),"") | B93: Geodude | D93: 16 | E93: Rock Head | H93: Tackle / Sandstorm / Harden / Rock Throw | I93: Relaxed | J93: 0 | K93: 0 | L93: 0 | M93: 0 | N93: 0 | O93: 0 | P93: 0 | Q93: 0 | R93: 0 | S93: 0 | T93: 0 | U93: 0
A94: =IF(COUNTIF('Icon Lookup'!C:C,B94)>0,LOOKUP(B94,'Icon Lookup'!C:C,'Icon Lookup'!B:B),"") | B94: Bronzor | D94: 18 | E94: Levitate | H94: Confusion / Confuse Ray / Payback / Gyro Ball | I94: Hardy | J94: 0 | K94: 0 | L94: 0 | M94: 0 | N94: 0 | O94: 0 | P94: 0 | Q94: 0 | R94: 0 | S94: 0 | T94: 0 | U94: 0
B95: Trainer ID 34 | D95: Battle Girl Helen
A96: =IF(COUNTIF('Icon Lookup'!C:C,B96)>0,LOOKUP(B96,'Icon Lookup'!C:C,'Icon Lookup'!B:B),"") | B96: Meditite | D96: 18 | E96: Pure Power | H96: Pound / Low Kick / Confusion / Force Palm | I96: Jolly | J96: 0 | K96: 0 | L96: 0 | M96: 0 | N96: 0 | O96: 0 | P96: 0 | Q96: 0 | R96: 0 | S96: 0 | T96: 0 | U96: 0
A97: =IF(COUNTIF('Icon Lookup'!C:C,B97)>0,LOOKUP(B97,'Icon Lookup'!C:C,'Icon Lookup'!B:B),"") | B97: Machop | D97: 18 | E97: No Guard | H97: Low Kick / Leer / Low Sweep / Knock Off | I97: Jolly | J97: 0 | K97: 0 | L97: 0 | M97: 0 | N97: 0 | O97: 0 | P97: 0 | Q97: 0 | R97: 0 | S97: 0 | T97: 0 | U97: 0
B98: Trainer ID 35 | D98: Hiker Robert
A99: =IF(COUNTIF('Icon Lookup'!C:C,B99)>0,LOOKUP(B99,'Icon Lookup'!C:C,'Icon Lookup'!B:B),"") | B99: Geodude | D99: 17 | E99: Rock Head | H99: Sandstorm / Rock Polish / Harden / Rock Throw | I99: Relaxed | J99: 0 | K99: 0 | L99: 0 | M99: 0 | N99: 0 | O99: 0 | P99: 0 | Q99: 0 | R99: 0 | S99: 0 | T99: 0 | U99: 0
A100: =IF(COUNTIF('Icon Lookup'!C:C,B100)>0,LOOKUP(B100,'Icon Lookup'!C:C,'Icon Lookup'!B:B),"") | B100: Geodude | D100: 17 | E100: Rock Head | H100: Sandstorm / Rock Polish / Harden / Rock Throw | I100: Relaxed | J100: 0 | K100: 0 | L100: 0 | M100: 0 | N100: 0 | O100: 0 | P100: 0 | Q100: 0 | R100: 0 | S100: 0 | T100: 0 | U100: 0
...

Sheet v1.0
A1: Sheet by Hematite based on data provided by @GhostsSoup! (Trainer names and classes later added based on data provided by @Kaphotics!)
A2: Pokémon | C2: Sticker | D2: Lv | E2: Ability | G2: Item | H2: Moves | I2: Nature | J2: EVs | P2: IVs
J3: HP | K3: Atk | L3: Def | M3: SpA | N3: SpD | O3: Spe
A4: =IF(COUNTIF('Icon Lookup'!C:C,B4)>0,LOOKUP(B4,'Icon Lookup'!C:C,'Icon Lookup'!B:B),"") | B4: Trainer ID 1 | D4: Youngster Tristan
A5: =IF(COUNTIF('Icon Lookup'!C:C,B5)>0,LOOKUP(B5,'Icon Lookup'!C:C,'Icon Lookup'!B:B),"") | B5: Starly | D5: 5 | E5: Keen Eye | H5: Tackle / Growl / Quick Attack | I5: Jolly | J5: 0 | K5: 0 | L5: 0 | M5: 0 | N5: 0 | O5: 0 | P5: 0 | Q5: 0 | R5: 0 | S5: 0 | T5: 0 | U5: 0
A6: =IF(COUNTIF('Icon Lookup'!C:C,B6)>0,LOOKUP(B6,'Icon Lookup'!C:C,'Icon Lookup'!B:B),"") | B6: Trainer ID 2 | D6: Youngster Logan
A7: =IF(COUNTIF('Icon Lookup'!C:C,B7)>0,LOOKUP(B7,'Icon Lookup'!C:C,'Icon Lookup'!B:B),"") | B7: Shinx | D7: 5 | E7: Intimidate | H7: Tackle / Leer / Thunder Shock | I7: Jolly | J7: 0 | K7: 0 | L7: 0 | M7: 0 | N7: 0 | O7: 0 | P7: 0 | Q7: 0 | R7: 0 | S7: 0 | T7: 0 | U7: 0
A8: =IF(COUNTIF('Icon Lookup'!C:C,B8)>0,LOOKUP(B8,'Icon Lookup'!C:C,'Icon Lookup'!B:B),"") | B8: Trainer ID 3 | D8: Lass Natalie
A9: =IF(COUNTIF('Icon Lookup'!C:C,B9)>0,LOOKUP(B9,'Icon Lookup'!C:C,'Icon Lookup'!B:B),"") | B9: Bidoof | D9: 3 | E9: Unaware | H9: Tackle / Growl | I9: Jolly | J9: 0 | K9: 0 | L9: 0 | M9: 0 | N9: 0 | O9: 0 | P9: 0 | Q9: 0 | R9: 0 | S9: 0 | T9: 0 | U9: 0
A10: =IF(COUNTIF('Icon Lookup'!C:C,B10)>0,LOOKUP(B10,'Icon Lookup'!C:C,'Icon Lookup'!B:B),"") | B10: Bidoof | D10: 3 | E10: Unaware | H10: Tackle / Growl | I10: Jolly | J10: 0 | K10: 0 | L10: 0 | M10: 0 | N10: 0 | O10: 0 | P10: 0 | Q10: 0 | R10: 0 | S10: 0 | T10: 0 | U10: 0
A11: =IF(COUNTIF('Icon Lookup'!C:C,B11)>0,LOOKUP(B11,'Icon Lookup'!C:C,'Icon Lookup'!B:B),"") | B11: Trainer ID 4 | D11: Youngster Michael
A12: =IF(COUNTIF('Icon Lookup'!C:C,B12)>0,LOOKUP(B12,'Icon Lookup'!C:C,'Icon Lookup'!B:B),"") | B12: Bidoof | D12: 5 | E12: Unaware | H12: Tackle / Growl / Defense Curl | I12: Docile | J12: 0 | K12: 0 | L12: 0 | M12: 0 | N12: 0 | O12: 0 | P12: 0 | Q12: 0 | R12: 0 | S12: 0 | T12: 0 | U12: 0
A13: =IF(COUNTIF('Icon Lookup'!C:C,B13)>0,LOOKUP(B13,'Icon Lookup'!C:C,'Icon Lookup'!B:B),"") | B13: Zubat | D13: 5 | E13: Inner Focus | H13: Absorb / Supersonic / Astonish | I13: Hasty | J13: 0 | K13: 0 | L13: 0 | M13: 0 | N13: 0 | O13: 0 | P13: 0 | Q13: 0 | R13: 0 | S13: 0 | T13: 0 | U13: 0
A14: =IF(COUNTIF('Icon Lookup'!C:C,B14)>0,LOOKUP(B14,'Icon Lookup'!C:C,'Icon Lookup'!B:B),"") | B14: Trainer ID 5 | D14: Youngster Tyler
A15: =IF(COUNTIF('Icon Lookup'!C:C,B15)>0,LOOKUP(B15,'Icon Lookup'!C:C,'Icon Lookup'!B:B),"") | B15: Magikarp | D15: 5 | E15: Swift Swim | H15: Splash | I15: Naive | J15: 0 | K15: 0 | L15: 0 | M15: 0 | N15: 0 | O15: 0 | P15: 0 | Q15: 0 | R15: 0 | S15: 0 | T15: 0 | U15: 0
A16: =IF(COUNTIF('Icon Lookup'!C:C,B16)>0,LOOKUP(B16,'Icon Lookup'!C:C,'Icon Lookup'!B:B),"") | B16: Starly | D16: 5 | E16: Keen Eye | H16: Tackle / Growl / Quick Attack | I16: Docile | J16: 0 | K16: 0 | L16: 0 | M16: 0 | N16: 0 | O16: 0 | P16: 0 | Q16: 0 | R16: 0 | S16: 0 | T16: 0 | U16: 0
A17: =IF(COUNTIF('Icon Lookup'!C:C,B17)>0,LOOKUP(B17,'Icon Lookup'!C:C,'Icon Lookup'!B:B),"") | B17: Trainer ID 6 | D17: Lass Samantha
A18: =IF(COUNTIF('Icon Lookup'!C:C,B18)>0,LOOKUP(B18,'Icon Lookup'!C:C,'Icon Lookup'!B:B),"") | B18: Budew | D18: 7 | E18: Poison Point | H18: Absorb / Growth / Stun Spore / Worry Seed | I18: Timid | J18: 0 | K18: 0 | L18: 0 | M18: 0 | N18: 0 | O18: 0 | P18: 0 | Q18: 0 | R18: 0 | S18: 0 | T18: 0 | U18: 0
A19: =IF(COUNTIF('Icon Lookup'!C:C,B19)>0,LOOKUP(B19,'Icon Lookup'!C:C,'Icon Lookup'!B:B),"") | B19: Trainer ID 7 | D19: Lass Sarah
A20: =IF(COUNTIF('Icon Lookup'!C:C,B20)>0,LOOKUP(B20,'Icon Lookup'!C:C,'Icon Lookup'!B:B),"") | B20: Bidoof | D20: 7 | E20: Unaware | H20: Tackle / Growl / Defense Curl | I20: Jolly | J20: 0 | K20: 0 | L20: 0 | M20: 0 | N20: 0 | O20: 0 | P20: 0 | Q20: 0 | R20: 0 | S20: 0 | T20: 0 | U20: 0
A21: =IF(COUNTIF('Icon Lookup'!C:C,B21)>0,LOOKUP(B21,'Icon Lookup'!C:C,'Icon Lookup'!B:B),"") | B21: Trainer ID 8 | D21: Bug Catcher Brandon
A22: =IF(COUNTIF('Icon Lookup'!C:C,B22)>0,LOOKUP(B22,'Icon Lookup'!C:C,'Icon Lookup'!B:B),"") | B22: Kricketot | D22: 7 | E22: Shed Skin | H22: Growl / Pound / Struggle Bug | I22: Timid | J22: 0 | K22: 0 | L22: 0 | M22: 0 | N22: 0 | O22: 0 | P22: 0 | Q22: 0 | R22: 0 | S22: 0 | T22: 0 | U22: 0
A23: =IF(COUNTIF('Icon Lookup'!C:C,B23)>0,LOOKUP(B23,'Icon Lookup'!C:C,'Icon Lookup'!B:B),"") | B23: Wurmple | D23: 7 | E23: Shield Dust | H23: Tackle / String Shot / Poison Sting | I23: Timid | J23: 0 | K23: 0 | L23: 0 | M23: 0 | N23: 0 | O23: 0 | P23: 0 | Q23: 0 | R23: 0 | S23: 0 | T23: 0 | U23: 0
A24: =IF(COUNTIF('Icon Lookup'!C:C,B24)>0,LOOKUP(B24,'Icon Lookup'!C:C,'Icon Lookup'!B:B),"") | B24: Trainer ID 9 | D24: Aroma Lady Teighler
A25: =IF(COUNTIF('Icon Lookup'!C:C,B25)>0,LOOKUP(B25,'Icon Lookup'!C:C,'Icon Lookup'!B:B),"") | B25: Budew | D25: 7 | E25: Poison Point | H25: Absorb / Growth / Stun Spore / Worry Seed | I25: Timid | J25: 0 | K25: 0 | L25: 0 | M25: 0 | N25: 0 | O25: 0 | P25: 0 | Q25: 0 | R25: 0 | S25: 0 | T25: 0 | U25: 0
A26: =IF(COUNTIF('Icon Lookup'!C:C,B26)>0,LOOKUP(B26,'Icon Lookup'!C:C,'Icon Lookup'!B:B),"") | B26: Cherubi | D26: 7 | E26: Chlorophyll | H26: Morning Sun / Tackle / Leafage | I26: Timid | J26: 0 | K26: 0 | L26: 0 | M26: 0 | N26: 0 | O26: 0 | P26: 0 | Q26: 0 | R26: 0 | S26: 0 | T26: 0 | U26: 0
A27: =IF(COUNTIF('Icon Lookup'!C:C,B27)>0,LOOKUP(B27,'Icon Lookup'!C:C,'Icon Lookup'!B:B),"") | B27: Trainer ID 10 | D27: Twins Liv
A28: =IF(COUNTIF('Icon Lookup'!C:C,B28)>0,LOOKUP(B28,'Icon Lookup'!C:C,'Icon Lookup'!B:B),"") | B28: Pachirisu | D28: 9 | E28: Pickup | H28: Growl / Baby-Doll Eyes / Quick Attack / Charm | I28: Quirky | J28: 0 | K28: 0 | L28: 0 | M28: 0 | N28: 0 | O28: 0 | P28: 0 | Q28: 0 | R28: 0 | S28: 0 | T28: 0 | U28: 0
A29: =IF(COUNTIF('Icon Lookup'!C:C,B29)>0,LOOKUP(B29,'Icon Lookup'!C:C,'Icon Lookup'!B:B),"") | B29: Trainer ID 11 | D29: Twins Liz
A30: =IF(COUNTIF('Icon Lookup'!C:C,B30)>0,LOOKUP(B30,'Icon Lookup'!C:C,'Icon Lookup'!B:B),"") | B30: Pachirisu | D30: 9 | E30: Pickup | H30: Growl / Baby-Doll Eyes / Quick Attack / Charm | I30: Quirky | J30: 0 | K30: 0 | L30: 0 | M30: 0 | N30: 0 | O30: 0 | P30: 0 | Q30: 0 | R30: 0 | S30: 0 | T30: 0 | U30: 0
A31: =IF(COUNTIF('Icon Lookup'!C:C,B31)>0,LOOKUP(B31,'Icon Lookup'!C:C,'Icon Lookup'!B:B),"") | B31: Trainer ID 12 | D31: Camper Jacob
A32: =IF(COUNTIF('Icon Lookup'!C:C,B32)>0,LOOKUP(B32,'Icon Lookup'!C:C,'Icon Lookup'!B:B),"") | B32: Ponyta | D32: 14 | E32: Flash Fire | H32: Tackle / Growl / Tail Whip / Ember | I32: Hasty | J32: 0 | K32: 0 | L32: 0 | M32: 0 | N32: 0 | O32: 0 | P32: 0 | Q32: 0 | R32: 0 | S32: 0 | T32: 0 | U32: 0
A33: =IF(COUNTIF('Icon Lookup'!C:C,B33)>0,LOOKUP(B33,'Icon Lookup'!C:C,'Icon Lookup'!B:B),"") | B33: Trainer ID 13 | D33: Picnicker Siena
A34: =IF(COUNTIF('Icon Lookup'!C:C,B34)>0,LOOKUP(B34,'Icon Lookup'!C:C,'Icon Lookup'!B:B),"") | B34: Shinx | D34: 12 | E34: Intimidate | H34: Tackle / Leer / Thunder Shock / Bite | I34: Jolly | J34: 0 | K34: 0 | L34: 0 | M34: 0 | N34: 0 | O34: 0 | P34: 0 | Q34: 0 | R34: 0 | S34: 0 | T34: 0 | U34: 0
A35: =IF(COUNTIF('Icon Lookup'!C:C,B35)>0,LOOKUP(B35,'Icon Lookup'!C:C,'Icon Lookup'!B:B),"") | B35: Pachirisu | D35: 12 | E35: Pickup | H35: Growl / Baby-Doll Eyes / Quick Attack / Charm | I35: Quirky | J35: 0 | K35: 0 | L35: 0 | M35: 0 | N35: 0 | O35: 0 | P35: 0 | Q35: 0 | R35: 0 | S35: 0 | T35: 0 | U35: 0
A36: =IF(COUNTIF('Icon Lookup'!C:C,B36)>0,LOOKUP(B36,'Icon Lookup'!C:C,'Icon Lookup'!B:B),"") | B36: Trainer ID 14 | D36: Hiker Daniel
A37: =IF(COUNTIF('Icon Lookup'!C:C,B37)>0,LOOKUP(B37,'Icon Lookup'!C:C,'Icon Lookup'!B:B),"") | B37: Geodude | D37: 11 | E37: Rock Head | H37: Tackle / Defense Curl / Rock Polish / Rollout | I37: Relaxed | J37: 0 | K37: 0 | L37: 0 | M37: 0 | N37: 0 | O37: 0 | P37: 0 | Q37: 0 | R37: 0 | S37: 0 | T37: 0 | U37: 0
A38: =IF(COUNTIF('Icon Lookup'!C:C,B38)>0,LOOKUP(B38,'Icon Lookup'!C:C,'Icon Lookup'!B:B),"") | B38: Machop | D38: 11 | E38: No Guard | H38: Low Kick / Leer / Focus Energy / Revenge | I38: Relaxed | J38: 0 | K38: 0 | L38: 0 | M38: 0 | N38: 0 | O38: 0 | P38: 0 | Q38: 0 | R38: 0 | S38: 0 | T38: 0 | U38: 0
A39: =IF(COUNTIF('Icon Lookup'!C:C,B39)>0,LOOKUP(B39,'Icon Lookup'!C:C,'Icon Lookup'!B:B),"") | B39: Geodude | D39: 11 | E39: Rock Head | H39: Tackle / Defense Curl / Rock Polish / Rollout | I39: Relaxed | J39: 0 | K39: 0 | L39: 0 | M39: 0 | N39: 0 | O39: 0 | P39: 0 | Q39: 0 | R39: 0 | S39: 0 | T39: 0 | U39: 0
A40: =IF(COUNTIF('Icon Lookup'!C:C,B40)>0,LOOKUP(B40,'Icon Lookup'!C:C,'Icon Lookup'!B:B),"") | B40: Bidoof | D40: 11 | E40: Unaware | H40: Tackle / Growl / Defense Curl / Rollout | I40: Hardy | J40: 0 | K40: 0 | L40: 0 | M40: 0 | N40: 0 | O40: 0 | P40: 0 | Q40: 0 | R40: 0 | S40: 0 | T40: 0 | U40: 0
A41: =IF(COUNTIF('Icon Lookup'!C:C,B41)>0,LOOKUP(B41,'Icon Lookup'!C:C,'Icon Lookup'!B:B),"") | B41: Trainer ID 15 | D41: Hiker Nicholas
A42: =IF(COUNTIF('Icon Lookup'!C:C,B42)>0,LOOKUP(B42,'Icon Lookup'!C:C,'Icon Lookup'!B:B),"") | B42: Onix | D42: 14 | E42: Sturdy | H42: Tackle / Harden / Bind / Rock Throw | I42: Relaxed | J42: 0 | K42: 0 | L42: 0 | M42: 0 | N42: 0 | O42: 0 | P42: 0 | Q42: 0 | R42: 0 | S42: 0 | T42: 0 | U42: 0
A43: =IF(COUNTIF('Icon Lookup'!C:C,B43)>0,LOOKUP(B43,'Icon Lookup'!C:C,'Icon Lookup'!B:B),"") | B43: Trainer ID 16 | D43: Battle Girl Kelsey
A44: =IF(COUNTIF('Icon Lookup'!C:C,B44)>0,LOOKUP(B44,'Icon Lookup'!C:C,'Icon Lookup'!B:B),"") | B44: Machop | D44: 15 | E44: No Guard | H44: Low Kick / Leer / Focus Energy / Low Sweep | I44: Jolly | J44: 0 | K44: 0 | L44: 0 | M44: 0 | N44: 0 | O44: 0 | P44: 0 | Q44: 0 | R44: 0 | S44: 0 | T44: 0 | U44: 0
A45: =IF(COUNTIF('Icon Lookup'!C:C,B45)>0,LOOKUP(B45,'Icon Lookup'!C:C,'Icon Lookup'!B:B),"") | B45: Trainer ID 17 | D45: Aroma Lady Elizabeth
A46: =IF(COUNTIF('Icon Lookup'!C:C,B46)>0,LOOKUP(B46,'Icon Lookup'!C:C,'Icon Lookup'!B:B),"") | B46: Budew | D46: 14 | E46: Poison Point | H46: Absorb / Growth / Stun Spore / Worry Seed | I46: Calm | J46: 0 | K46: 0 | L46: 0 | M46: 0 | N46: 0 | O46: 0 | P46: 0 | Q46: 0 | R46: 0 | S46: 0 | T46: 0 | U46: 0
A47: =IF(COUNTIF('Icon Lookup'!C:C,B47)>0,LOOKUP(B47,'Icon Lookup'!C:C,'Icon Lookup'!B:B),"") | B47: Trainer ID 18 | D47: Fisher Andrew
A48: =IF(COUNTIF('Icon Lookup'!C:C,B48)>0,LOOKUP(B48,'Icon Lookup'!C:C,'Icon Lookup'!B:B),"") | B48: Magikarp | D48: 10 | E48: Swift Swim | H48: Splash | I48: Relaxed | J48: 0 | K48: 0 | L48: 0 | M48: 0 | N48: 0 | O48: 0 | P48: 0 | Q48: 0 | R48: 0 | S48: 0 | T48: 0 | U48: 0
A49: =IF(COUNTIF('Icon Lookup'!C:C,B49)>0,LOOKUP(B49,'Icon Lookup'!C:C,'Icon Lookup'!B:B),"") | B49: Magikarp | D49: 10 | E49: Swift Swim | H49: Splash | I49: Relaxed | J49: 0 | K49: 0 | L49: 0 | M49: 0 | N49: 0 | O49: 0 | P49: 0 | Q49: 0 | R49: 0 | S49: 0 | T49: 0 | U49: 0
A50: =IF(COUNTIF('Icon Lookup'!C:C,B50)>0,LOOKUP(B50,'Icon Lookup'!C:C,'Icon Lookup'!B:B),"") | B50: Magikarp | D50: 10 | E50: Swift Swim | H50: Splash | I50: Relaxed | J50: 0 | K50: 0 | L50: 0 | M50: 0 | N50: 0 | O50: 0 | P50: 0 | Q50: 0 | R50: 0 | S50: 0 | T50: 0 | U50: 0
A51: =IF(COUNTIF('Icon Lookup'!C:C,B51)>0,LOOKUP(B51,'Icon Lookup'!C:C,'Icon Lookup'!B:B),"") | B51: Magikarp | D51: 10 | E51: Swift Swim | H51: Splash | I51: Relaxed | J51: 0 | K51: 0 | L51: 0 | M51: 0 | N51: 0 | O51: 0 | P51: 0 | Q51: 0 | R51: 0 | S51: 0 | T51: 0 | U51: 0
A52: =IF(COUNTIF('Icon Lookup'!C:C,B52)>0,LOOKUP(B52,'Icon Lookup'!C:C,'Icon Lookup'!B:B),"") | B52: Magikarp | D52: 10 | E52: Swift Swim | H52: Splash | I52: Relaxed | J52: 0 | K52: 0 | L52: 0 | M52: 0 | N52: 0 | O52: 0 | P52: 0 | Q52: 0 | R52: 0 | S52: 0 | T52: 0 | U52: 0
A53: =IF(COUNTIF('Icon Lookup'!C:C,B53)>0,LOOKUP(B53,'Icon Lookup'!C:C,'Icon Lookup'!B:B),"") | B53: Magikarp | D53: 10 | E53: Swift Swim | H53: Splash | I53: Relaxed | J53: 0 | K53: 0 | L53: 0 | M53: 0 | N53: 0 | O53: 0 | P53: 0 | Q53: 0 | R53: 0 | S53: 0 | T53: 0 | U53: 0
A54: =IF(COUNTIF('Icon Lookup'!C:C,B54)>0,LOOKUP(B54,'Icon Lookup'!C:C,'Icon Lookup'!B:B),"") | B54: Trainer ID 19 | D54: Fisher Joseph
A55: =IF(COUNTIF('Icon Lookup'!C:C,B55)>0,LOOKUP(B55,'Icon Lookup'!C:C,'Icon Lookup'!B:B),"") | B55: Goldeen | D55: 14 | E55: Water Veil | H55: Peck / Tail Whip / Supersonic / Water Pulse | I55: Jolly | J55: 0 | K55: 0 | L55: 0 | M55: 0 | N55: 0 | O55: 0 | P55: 0 | Q55: 0 | R55: 0 | S55: 0 | T55: 0 | U55: 0
A56: =IF(COUNTIF('Icon Lookup'!C:C,B56)>0,LOOKUP(B56,'Icon Lookup'!C:C,'Icon Lookup'!B:B),"") | B56: Trainer ID 20 | D56: Fisher Zachary
A57: =IF(COUNTIF('Icon Lookup'!C:C,B57)>0,LOOKUP(B57,'Icon Lookup'!C:C,'Icon Lookup'!B:B),"") | B57: Magikarp | D57: 10 | E57: Swift Swim | H57: Splash | I57: Relaxed | J57: 0 | K57: 0 | L57: 0 | M57: 0 | N57: 0 | O57: 0 | P57: 0 | Q57: 0 | R57: 0 | S57: 0 | T57: 0 | U57: 0
A58: =IF(COUNTIF('Icon Lookup'!C:C,B58)>0,LOOKUP(B58,'Icon Lookup'!C:C,'Icon Lookup'!B:B),"") | B58: Goldeen | D58: 13 | E58: Water Veil | H58: Peck / Tail Whip / Supersonic / Water Pulse | I58: Relaxed | J58: 0 | K58: 0 | L58: 0 | M58: 0 | N58: 0 | O58: 0 | P58: 0 | Q58: 0 | R58: 0 | S58: 0 | T58: 0 | U58: 0
A59: =IF(COUNTIF('Icon Lookup'!C:C,B59)>0,LOOKUP(B59,'Icon Lookup'!C:C,'Icon Lookup'!B:B),"") | B59: Magikarp | D59: 10 | E59: Swift Swim | H59: Splash | I59: Relaxed | J59: 0 | K59: 0 | L59: 0 | M59: 0 | N59: 0 | O59: 0 | P59: 0 | Q59: 0 | R59: 0 | S59: 0 | T59: 0 | U59: 0
A60: =IF(COUNTIF('Icon Lookup'!C:C,B60)>0,LOOKUP(B60,'Icon Lookup'!C:C,'Icon Lookup'!B:B),"") | B60: Trainer ID 21 | D60: Cyclist Axel
A61: =IF(COUNTIF('Icon Lookup'!C:C,B61)>0,LOOKUP(B61,'Icon Lookup'!C:C,'Icon Lookup'!B:B),"") | B61: Staravia | D61: 17 | E61: Intimidate | H61: Growl / Quick Attack / Wing Attack / Double Team | I61: Naive | J61: 0 | K61: 0 | L61: 0 | M61: 0 | N61: 0 | O61: 0 | P61: 0 | Q61: 0 | R61: 0 | S61: 0 | T61: 0 | U61: 0
A62: =IF(COUNTIF('Icon Lookup'!C:C,B62)>0,LOOKUP(B62,'Icon Lookup'!C:C,'Icon Lookup'!B:B),"") | B62: Trainer ID 22 | D62: Cyclist James
A63: =IF(COUNTIF('Icon Lookup'!C:C,B63)>0,LOOKUP(B63,'Icon Lookup'!C:C,'Icon Lookup'!B:B),"") | B63: Ponyta | D63: 17 | E63: Run Away | H63: Tackle / Growl / Tail Whip / Flame Charge | I63: Hasty | J63: 0 | K63: 0 | L63: 0 | M63: 0 | N63: 0 | O63: 0 | P63: 0 | Q63: 0 | R63: 0 | S63: 0 | T63: 0 | U63: 0
A64: =IF(COUNTIF('Icon Lookup'!C:C,B64)>0,LOOKUP(B64,'Icon Lookup'!C:C,'Icon Lookup'!B:B),"") | B64: Trainer ID 23 | D64: Cyclist John
A65: =IF(COUNTIF('Icon Lookup'!C:C,B65)>0,LOOKUP(B65,'Icon Lookup'!C:C,'Icon Lookup'!B:B),"") | B65: Starly | D65: 15 | E65: Keen Eye | H65: Growl / Quick Attack / Wing Attack / Double Team | I65: Jolly | J65: 0 | K65: 0 | L65: 0 | M65: 0 | N65: 0 | O65: 0 | P65: 0 | Q65: 0 | R65: 0 | S65: 0 | T65: 0 | U65: 0
A66: =IF(COUNTIF('Icon Lookup'!C:C,B66)>0,LOOKUP(B66,'Icon Lookup'!C:C,'Icon Lookup'!B:B),"") | B66: Staravia | D66: 15 | E66: Intimidate | H66: Growl / Quick Attack / Wing Attack / Double Team | I66: Jolly | J66: 0 | K66: 0 | L66: 0 | M66: 0 | N66: 0 | O66: 0 | P66: 0 | Q66: 0 | R66: 0 | S66: 0 | T66: 0 | U66: 0
A67: =IF(COUNTIF('Icon Lookup'!C:C,B67)>0,LOOKUP(B67,'Icon Lookup'!C:C,'Icon Lookup'!B:B),"") | B67: Trainer ID 24 | D67: Cyclist Ryan
A68: =IF(COUNTIF('Icon Lookup'!C:C,B68)>0,LOOKUP(B68,'Icon Lookup'!C:C,'Icon Lookup'!B:B),"") | B68: Zubat | D68: 17 | E68: Inner Focus | H68: Absorb / Astonish / Mean Look / Poison Fang | I68: Hasty | J68: 0 | K68: 0 | L68: 0 | M68: 0 | N68: 0 | O68: 0 | P68: 0 | Q68: 0 | R68: 0 | S68: 0 | T68: 0 | U68: 0
A69: =IF(COUNTIF('Icon Lookup'!C:C,B69)>0,LOOKUP(B69,'Icon Lookup'!C:C,'Icon Lookup'!B:B),"") | B69: Trainer ID 25 | D69: Cyclist Megan
A70: =IF(COUNTIF('Icon Lookup'!C:C,B70)>0,LOOKUP(B70,'Icon Lookup'!C:C,'Icon Lookup'!B:B),"") | B70: Shinx | D70: 17 | E70: Intimidate | H70: Tackle / Leer / Bite / Spark | I70: Jolly | J70: 0 | K70: 0 | L70: 0 | M70: 0 | N70: 0 | O70: 0 | P70: 0 | Q70: 0 | R70: 0 | S70: 0 | T70: 0 | U70: 0
A71: =IF(COUNTIF('Icon Lookup'!C:C,B71)>0,LOOKUP(B71,'Icon Lookup'!C:C,'Icon Lookup'!B:B),"") | B71: Trainer ID 26 | D71: Cyclist Nicole
A72: =IF(COUNTIF('Icon Lookup'!C:C,B72)>0,LOOKUP(B72,'Icon Lookup'!C:C,'Icon Lookup'!B:B),"") | B72: Starly | D72: 15 | E72: Keen Eye | H72: Tackle / Growl / Quick Attack / Wing Attack | I72: Quirky | J72: 0 | K72: 0 | L72: 0 | M72: 0 | N72: 0 | O72: 0 | P72: 0 | Q72: 0 | R72: 0 | S72: 0 | T72: 0 | U72: 0
A73: =IF(COUNTIF('Icon Lookup'!C:C,B73)>0,LOOKUP(B73,'Icon Lookup'!C:C,'Icon Lookup'!B:B),"") | B73: Ponyta | D73: 15 | E73: Run Away | H73: Tackle / Growl / Tail Whip / Flame Charge | I73: Jolly | J73: 0 | K73: 0 | L73: 0 | M73: 0 | N73: 0 | O73: 0 | P73: 0 | Q73: 0 | R73: 0 | S73: 0 | T73: 0 | U73: 0
A74: =IF(COUNTIF('Icon Lookup'!C:C,B74)>0,LOOKUP(B74,'Icon Lookup'!C:C,'Icon Lookup'!B:B),"") | B74: Trainer ID 27 | D74: Cyclist Kayla
A75: =IF(COUNTIF('Icon Lookup'!C:C,B75)>0,LOOKUP(B75,'Icon Lookup'!C:C,'Icon Lookup'!B:B),"") | B75: Pikachu | D75: 17 | E75: Static | H75: Quick Attack / Tail Whip / Nuzzle / Electro Ball | I75: Jolly | J75: 0 | K75: 0 | L75: 0 | M75: 0 | N75: 0 | O75: 0 | P75: 0 | Q75: 0 | R75: 0 | S75: 0 | T75: 0 | U75: 0
A76: =IF(COUNTIF('Icon Lookup'!C:C,B76)>0,LOOKUP(B76,'Icon Lookup'!C:C,'Icon Lookup'!B:B),"") | B76: Trainer ID 28 | D76: Cyclist Rachel
A77: =IF(COUNTIF('Icon Lookup'!C:C,B77)>0,LOOKUP(B77,'Icon Lookup'!C:C,'Icon Lookup'!B:B),"") | B77: Shinx | D77: 15 | E77: Intimidate | H77: Tackle / Leer / Thunder Shock / Bite | I77: Jolly | J77: 0 | K77: 0 | L77: 0 | M77: 0 | N77: 0 | O77: 0 | P77: 0 | Q77: 0 | R77: 0 | S77: 0 | T77: 0 | U77: 0
A78: =IF(COUNTIF('Icon Lookup'!C:C,B78)>0,LOOKUP(B78,'Icon Lookup'!C:C,'Icon Lookup'!B:B),"") | B78: Shinx | D78: 15 | E78: Intimidate | H78: Tackle / Leer / Thunder Shock / Bite | I78: Jolly | J78: 0 | K78: 0 | L78: 0 | M78: 0 | N78: 0 | O78: 0 | P78: 0 | Q78: 0 | R78: 0 | S78: 0 | T78: 0 | U78: 0
A79: =IF(COUNTIF('Icon Lookup'!C:C,B79)>0,LOOKUP(B79,'Icon Lookup'!C:C,'Icon Lookup'!B:B),"") | B79: Trainer ID 29 | D79: Youngster Austin
A80: =IF(COUNTIF('Icon Lookup'!C:C,B80)>0,LOOKUP(B80,'Icon Lookup'!C:C,'Icon Lookup'!B:B),"") | B80: Starly | D80: 15 | E80: Keen Eye | H80: Growl / Quick Attack / Wing Attack / Double Team | I80: Docile | J80: 0 | K80: 0 | L80: 0 | M80: 0 | N80: 0 | O80: 0 | P80: 0 | Q80: 0 | R80: 0 | S80: 0 | T80: 0 | U80: 0
A81: =IF(COUNTIF('Icon Lookup'!C:C,B81)>0,LOOKUP(B81,'Icon Lookup'!C:C,'Icon Lookup'!B:B),"") | B81: Geodude | D81: 15 | E81: Rock Head | H81: Defense Curl / Sandstorm / Rock Polish / Rollout | I81: Naive | J81: 0 | K81: 0 | L81: 0 | M81: 0 | N81: 0 | O81: 0 | P81: 0 | Q81: 0 | R81: 0 | S81: 0 | T81: 0 | U81: 0
A82: =IF(COUNTIF('Icon Lookup'!C:C,B82)>0,LOOKUP(B82,'Icon Lookup'!C:C,'Icon Lookup'!B:B),"") | B82: Chimchar | D82: 18 | E82: Blaze | H82: Leer / Taunt / Fury Swipes / Flame Wheel | I82: Docile | J82: 0 | K82: 0 | L82: 0 | M82: 0 | N82: 0 | O82: 0 | P82: 0 | Q82: 0 | R82: 0 | S82: 0 | T82: 0 | U82: 0
A83: =IF(COUNTIF('Icon Lookup'!C:C,B83)>0,LOOKUP(B83,'Icon Lookup'!C:C,'Icon Lookup'!B:B),"") | B83: Trainer ID 30 | D83: Camper Anthony
A84: =IF(COUNTIF('Icon Lookup'!C:C,B84)>0,LOOKUP(B84,'Icon Lookup'!C:C,'Icon Lookup'!B:B),"") | B84: Ponyta | D84: 19 | E84: Run Away | H84: Tackle / Growl / Tail Whip / Flame Charge | I84: Hasty | J84: 0 | K84: 0 | L84: 0 | M84: 0 | N84: 0 | O84: 0 | P84: 0 | Q84: 0 | R84: 0 | S84: 0 | T84: 0 | U84: 0
A85: =IF(COUNTIF('Icon Lookup'!C:C,B85)>0,LOOKUP(B85,'Icon Lookup'!C:C,'Icon Lookup'!B:B),"") | B85: Trainer ID 31 | D85: Picnicker Lauren
A86: =IF(COUNTIF('Icon Lookup'!C:C,B86)>0,LOOKUP(B86,'Icon Lookup'!C:C,'Icon Lookup'!B:B),"") | B86: Pachirisu | D86: 19 | E86: Pickup | H86: Baby-Doll Eyes / Quick Attack / Spark / Nuzzle | I86: Quirky | J86: 0 | K86: 0 | L86: 0 | M86: 0 | N86: 0 | O86: 0 | P86: 0 | Q86: 0 | R86: 0 | S86: 0 | T86: 0 | U86: 0
A87: =IF(COUNTIF('Icon Lookup'!C:C,B87)>0,LOOKUP(B87,'Icon Lookup'!C:C,'Icon Lookup'!B:B),"") | B87: Trainer ID 32 | D87: Hiker Kevyn
A88: =IF(COUNTIF('Icon Lookup'!C:C,B88)>0,LOOKUP(B88,'Icon Lookup'!C:C,'Icon Lookup'!B:B),"") | B88: Geodude | D88: 15 | E88: Rock Head | H88: Tackle / Defense Curl / Rock Polish / Rollout | I88: Relaxed | J88: 0 | K88: 0 | L88: 0 | M88: 0 | N88: 0 | O88: 0 | P88: 0 | Q88: 0 | R88: 0 | S88: 0 | T88: 0 | U88: 0
A89: =IF(COUNTIF('Icon Lookup'!C:C,B89)>0,LOOKUP(B89,'Icon Lookup'!C:C,'Icon Lookup'!B:B),"") | B89: Geodude | D89: 16 | E89: Rock Head | H89: Tackle / Rock Polish / Harden / Rock Throw | I89: Relaxed | J89: 0 | K89: 0 | L89: 0 | M89: 0 | N89: 0 | O89: 0 | P89: 0 | Q89: 0 | R89: 0 | S89: 0 | T89: 0 | U89: 0
A90: =IF(COUNTIF('Icon Lookup'!C:C,B90)>0,LOOKUP(B90,'Icon Lookup'!C:C,'Icon Lookup'!B:B),"") | B90: Zubat | D90: 17 | E90: Inner Focus | H90: Absorb / Supersonic / Astonish / Poison Fang | I90: Sassy | J90: 0 | K90: 0 | L90: 0 | M90: 0 | N90: 0 | O90: 0 | P90: 0 | Q90: 0 | R90: 0 | S90: 0 | T90: 0 | U90: 0
A91: =IF(COUNTIF('Icon Lookup'!C:C,B91)>0,LOOKUP(B91,'Icon Lookup'!C:C,'Icon Lookup'!B:B),"") | B91: Geodude | D91: 16 | E91: Rock Head | H91: Tackle / Rock Polish / Harden / Rock Throw | I91: Relaxed | J91: 0 | K91: 0 | L91: 0 | M91: 0 | N91: 0 | O91: 0 | P91: 0 | Q91: 0 | R91: 0 | S91: 0 | T91: 0 | U91: 0
A92: =IF(COUNTIF('Icon Lookup'!C:C,B92)>0,LOOKUP(B92,'Icon Lookup'!C:C,'Icon Lookup'!B:B),"") | B92: Trainer ID 33 | D92: Hiker Justin
A93: =IF(COUNTIF('Icon Lookup'!C:C,B93)>0,LOOKUP(B93,'Icon Lookup'!C:C,'Icon Lookup'!B:B),"") | B93: Geodude | D93: 16 | E93: Rock Head | H93: Tackle / Sandstorm / Harden / Rock Throw | I93: Relaxed | J93: 0 | K93: 0 | L93: 0 | M93: 0 | N93: 0 | O93: 0 | P93: 0 | Q93: 0 | R93: 0 | S93: 0 | T93: 0 | U93: 0
A94: =IF(COUNTIF('Icon Lookup'!C:C,B94)>0,LOOKUP(B94,'Icon Lookup'!C:C,'Icon Lookup'!B:B),"") | B94: Bronzor | D94: 18 | E94: Levitate | H94: Confusion / Confuse Ray / Payback / Gyro Ball | I94: Hardy | J94: 0 | K94: 0 | L94: 0 | M94: 0 | N94: 0 | O94: 0 | P94: 0 | Q94: 0 | R94: 0 | S94: 0 | T94: 0 | U94: 0
A95: =IF(COUNTIF('Icon Lookup'!C:C,B95)>0,LOOKUP(B95,'Icon Lookup'!C:C,'Icon Lookup'!B:B),"") | B95: Trainer ID 34 | D95: Battle Girl Helen
A96: =IF(COUNTIF('Icon Lookup'!C:C,B96)>0,LOOKUP(B96,'Icon Lookup'!C:C,'Icon Lookup'!B:B),"") | B96: Meditite | D96: 18 | E96: Pure Power | H96: Pound / Low Kick / Confusion / Force Palm | I96: Jolly | J96: 0 | K96: 0 | L96: 0 | M96: 0 | N96: 0 | O96: 0 | P96: 0 | Q96: 0 | R96: 0 | S96: 0 | T96: 0 | U96: 0
A97: =IF(COUNTIF('Icon Lookup'!C:C,B97)>0,LOOKUP(B97,'Icon Lookup'!C:C,'Icon Lookup'!B:B),"") | B97: Machop | D97: 18 | E97: No Guard | H97: Low Kick / Leer / Low Sweep / Knock Off | I97: Jolly | J97: 0 | K97: 0 | L97: 0 | M97: 0 | N97: 0 | O97: 0 | P97: 0 | Q97: 0 | R97: 0 | S97: 0 | T97: 0 | U97: 0
A98: =IF(COUNTIF('Icon Lookup'!C:C,B98)>0,LOOKUP(B98,'Icon Lookup'!C:C,'Icon Lookup'!B:B),"") | B98: Trainer ID 35 | D98: Hiker Robert
A99: =IF(COUNTIF('Icon Lookup'!C:C,B99)>0,LOOKUP(B99,'Icon Lookup'!C:C,'Icon Lookup'!B:B),"") | B99: Geodude | D99: 17 | E99: Rock Head | H99: Sandstorm / Rock Polish / Harden / Rock Throw | I99: Relaxed | J99: 0 | K99: 0 | L99: 0 | M99: 0 | N99: 0 | O99: 0 | P99: 0 | Q99: 0 | R99: 0 | S99: 0 | T99: 0 | U99: 0
A100: =IF(COUNTIF('Icon Lookup'!C:C,B100)>0,LOOKUP(B100,'Icon Lookup'!C:C,'Icon Lookup'!B:B),"") | B100: Geodude | D100: 17 | E100: Rock Head | H100: Sandstorm / Rock Polish / Harden / Rock Throw | I100: Relaxed | J100: 0 | K100: 0 | L100: 0 | M100: 0 | N100: 0 | O100: 0 | P100: 0 | Q100: 0 | R100: 0 | S100: 0 | T100: 0 | U100: 0
...

Sheet Item Lookup
A1: friendball.png
B543: =IMAGE("https://www.serebii.net/itemdex/sprites/softsand.png")
B544: =IMAGE("https://www.serebii.net/itemdex/sprites/sitrusberry.png")
B560: =IMAGE("https://www.serebii.net/itemdex/sprites/blacksludge.png")
B561: =IMAGE("https://www.serebii.net/itemdex/sprites/wiseglasses.png")
B562: =IMAGE("https://www.serebii.net/itemdex/sprites/sitrusberry.png")
B563: =IMAGE("https://www.serebii.net/itemdex/sprites/flameorb.png")
B564: =IMAGE("https://www.serebii.net/itemdex/sprites/scopelens.png")
B566: =IMAGE("https://www.serebii.net/itemdex/sprites/leftovers.png")
B567: =IMAGE("https://www.serebii.net/itemdex/sprites/sitrusberry.png")
B568: =IMAGE("https://www.serebii.net/itemdex/sprites/softsand.png")
B569: =IMAGE("https://www.serebii.net/itemdex/sprites/rindoberry.png")
B570: =IMAGE("https://www.serebii.net/itemdex/sprites/chestoberry.png")
B572: =IMAGE("https://www.serebii.net/itemdex/sprites/widelens.png")
B573: =IMAGE("https://www.serebii.net/itemdex/sprites/lifeorb.png")
B574: =IMAGE("https://www.serebii.net/itemdex/sprites/sitrusberry.png")
B575: =IMAGE("https://www.serebii.net/itemdex/sprites/leftovers.png")
B576: =IMAGE("https://www.serebii.net/itemdex/sprites/focussash.png")
B578: =IMAGE("https://www.serebii.net/itemdex/sprites/lightclay.png")
B579: =IMAGE("https://www.serebii.net/itemdex/sprites/mentalherb.png")
B580: =IMAGE("https://www.serebii.net/itemdex/sprites/muscleband.png")
B581: =IMAGE("https://www.serebii.net/itemdex/sprites/lifeorb.png")
B582: =IMAGE("https://www.serebii.net/itemdex/sprites/sitrusberry.png")
B590: =IMAGE("https://www.serebii.net/itemdex/sprites/sitrusberry.png")
B591: =IMAGE("https://www.serebii.net/itemdex/sprites/expertbelt.png")
B592: =IMAGE("https://www.serebii.net/itemdex/sprites/leftovers.png")
B593: =IMAGE("https://www.serebii.net/itemdex/sprites/wiseglasses.png")
B594: =IMAGE("https://www.serebii.net/itemdex/sprites/flameorb.png")
B595: =IMAGE("https://www.serebii.net/itemdex/sprites/yacheberry.png")
B684: =IMAGE("https://www.serebii.net/itemdex/sprites/oranberry.png")
B737: =IMAGE("https://www.serebii.net/itemdex/sprites/miracleseed.png")
B738: =IMAGE("https://www.serebii.net/itemdex/sprites/sitrusberry.png")
B740: =IMAGE("https://www.serebii.net/itemdex/sprites/widelens.png")
B741: =IMAGE("https://www.serebii.net/itemdex/sprites/damprock.png")
B742: =IMAGE("https://www.serebii.net/itemdex/sprites/sitrusberry.png")
B744: =IMAGE("https://www.serebii.net/itemdex/sprites/lightclay.png")
B745: =IMAGE("https://www.serebii.net/itemdex/sprites/expertbelt.png")
B746: =IMAGE("https://www.serebii.net/itemdex/sprites/bigroot.png")
B748: =IMAGE("https://www.serebii.net/itemdex/sprites/zoomlens.png")
B749: =IMAGE("https://www.serebii.net/itemdex/sprites/colburberry.png")
B750: =IMAGE("https://www.serebii.net/itemdex/sprites/expertbelt.png")
B752: =IMAGE("https://www.serebii.net/itemdex/sprites/icyrock.png")
B753: =IMAGE("https://www.serebii.net/itemdex/sprites/chopleberry.png")
B754: =IMAGE("https://www.serebii.net/itemdex/sprites/expertbelt.png")
B755: =IMAGE("https://www.serebii.net/itemdex/sprites/sitrusberry.png")
B757: =IMAGE("https://www.serebii.net/itemdex/sprites/shucaberry.png")
B758: =IMAGE("https://www.serebii.net/itemdex/sprites/chopleberry.png")
B759: =IMAGE("https://www.serebii.net/itemdex/sprites/expertbelt.png")
B760: =IMAGE("https://www.serebii.net/itemdex/sprites/sitrusberry.png")
B934: =IMAGE("https://www.serebii.net/itemdex/sprites/sitrusberry.png")
B936: =IMAGE("https://www.serebii.net/itemdex/sprites/scopelens.png")
B937: =IMAGE("https://www.serebii.net/itemdex/sprites/quickclaw.png")
B938: =IMAGE("https://www.serebii.net/itemdex/sprites/wacanberry.png")
B939: =IMAGE("https://www.serebii.net/itemdex/sprites/chopleberry.png")
B943: =IMAGE("https://www.serebii.net/itemdex/sprites/sitrusberry.png")
B946: =IMAGE("https://www.serebii.net/itemdex/sprites/sitrusberry.png")
B950: =IMAGE("https://www.serebii.net/itemdex/sprites/sitrusberry.png")
B952: =IMAGE("https://www.serebii.net/itemdex/sprites/damprock.png")
B956: =IMAGE("https://www.serebii.net/itemdex/sprites/damprock.png")
B1076: =IMAGE("https://www.serebii.net/itemdex/sprites/quickclaw.png")
B1077: =IMAGE("https://www.serebii.net/itemdex/sprites/seaincense.png")
B1078: =IMAGE("https://www.serebii.net/itemdex/sprites/shellbell.png")
B1079: =IMAGE("https://www.serebii.net/itemdex/sprites/miracleseed.png")
B1081: =IMAGE("https://www.serebii.net/itemdex/sprites/quickclaw.png")
B1082: =IMAGE("https://www.serebii.net/itemdex/sprites/seaincense.png")
B1083: =IMAGE("https://www.serebii.net/itemdex/sprites/miracleseed.png")
B1084: =IMAGE("https://www.serebii.net/itemdex/sprites/shellbell.png")
B1086: =IMAGE("https://www.serebii.net/itemdex/sprites/quickclaw.png")
B1087: =IMAGE("https://www.serebii.net/itemdex/sprites/miracleseed.png")
B1088: =IMAGE("https://www.serebii.net/itemdex/sprites/shellbell.png")
B1089: =IMAGE("https://www.serebii.net/itemdex/sprites/seaincense.png")
B1091: =IMAGE("https://www.serebii.net/itemdex/sprites/quickclaw.png")
B1092: =IMAGE("https://www.serebii.net/itemdex/sprites/seaincense.png")
B1094: =IMAGE("https://www.serebii.net/itemdex/sprites/shellbell.png")
B1095: =IMAGE("https://www.serebii.net/itemdex/sprites/bigroot.png")
B1097: =IMAGE("https://www.serebii.net/itemdex/sprites/quickclaw.png")
B1098: =IMAGE("https://www.serebii.net/itemdex/sprites/seaincense.png")
B1100: =IMAGE("https://www.serebii.net/itemdex/sprites/bigroot.png")
B1101: =IMAGE("https://www.serebii.net/itemdex/sprites/shellbell.png")
B1103: =IMAGE("https://www.serebii.net/itemdex/sprites/quickclaw.png")
B1104: =IMAGE("https://www.serebii.net/itemdex/sprites/bigroot.png")
B1106: =IMAGE("https://www.serebii.net/itemdex/sprites/shellbell.png")
B1107: =IMAGE("https://www.serebii.net/itemdex/sprites/seaincense.png")
B1109: =IMAGE("https://www.serebii.net/itemdex/sprites/focussash.png")
B1110: =IMAGE("https://www.serebii.net/itemdex/sprites/quickclaw.png")
B1112: =IMAGE("https://www.serebii.net/itemdex/sprites/expertbelt.png")
B1114: =IMAGE("https://www.serebii.net/itemdex/sprites/leftovers.png")
B1116: =IMAGE("https://www.serebii.net/itemdex/sprites/focussash.png")
B1117: =IMAGE("https://www.serebii.net/itemdex/sprites/quickclaw.png")
B1119: =IMAGE("https://www.serebii.net/itemdex/sprites/bigroot.png")
B1121: =IMAGE("https://www.serebii.net/itemdex/sprites/expertbelt.png")
B1123: =IMAGE("https://www.serebii.net/itemdex/sprites/focussash.png")
B1124: =IMAGE("https://www.serebii.net/itemdex/sprites/blacksludge.png")
B1126: =IMAGE("https://www.serebii.net/itemdex/sprites/expertbelt.png")
B1128: =IMAGE("https://www.serebii.net/itemdex/sprites/quickclaw.png")
B1248: =IMAGE("https://www.serebii.net/itemdex/sprites/sitrusberry.png")
B1478: =IMAGE("https://www.serebii.net/itemdex/sprites/quickclaw.png")
B1479: =IMAGE("https://www.serebii.net/itemdex/sprites/seaincense.png")
B1481: =IMAGE("https://www.serebii.net/itemdex/sprites/shellbell.png")
B1482: =IMAGE("https://www.serebii.net/itemdex/sprites/leftovers.png")
...

Sheet Icon Lookup
A1: abomasnow | B1: =IMAGE("https://www.smogon.com/forums//media/minisprites/"&A1&".png",3) | C1: Abomasnow | D1: Grass | E1: Ice | F1: 90 | G1: 92 | H1: 75 | I1: 92 | J1: 85 | K1: 60 | L1: =SUM(F1:K1) -> 494
A2: abra | B2: =IMAGE("https://www.smogon.com/forums//media/minisprites/"&A2&".png",3) | C2: Abra | D2: Psychic | F2: 25 | G2: 20 | H2: 15 | I2: 105 | J2: 55 | K2: 90 | L2: =SUM(F2:K2) -> 310
A3: absol | B3: =IMAGE("https://www.smogon.com/forums//media/minisprites/"&A3&".png",3) | C3: Absol | D3: Dark | F3: 65 | G3: 130 | H3: 60 | I3: 75 | J3: 60 | K3: 75 | L3: =SUM(F3:K3) -> 465
A4: accelgor | B4: =IMAGE("https://www.smogon.com/forums//media/minisprites/"&A4&".png",3) | C4: Accelgor | D4: Bug | F4: 80 | G4: 70 | H4: 40 | I4: 100 | J4: 60 | K4: 145 | L4: =SUM(F4:K4) -> 495
A5: aegislash | B5: =IMAGE("https://www.smogon.com/forums//media/minisprites/"&A5&".png",3) | C5: Aegislash | D5: Steel | E5: Ghost | F5: 60 | G5: 50 | H5: 140 | I5: 50 | J5: 140 | K5: 60 | L5: =SUM(F5:K5) -> 500
A6: aerodactyl | B6: =IMAGE("https://www.smogon.com/forums//media/minisprites/"&A6&".png",3) | C6: Aerodactyl | D6: Rock | E6: Flying | F6: 80 | G6: 105 | H6: 65 | I6: 60 | J6: 75 | K6: 130 | L6: =SUM(F6:K6) -> 515
A7: aggron | B7: =IMAGE("https://www.smogon.com/forums//media/minisprites/"&A7&".png",3) | C7: Aggron | D7: Steel | E7: Rock | F7: 70 | G7: 110 | H7: 180 | I7: 60 | J7: 60 | K7: 50 | L7: =SUM(F7:K7) -> 530
A8: aipom | B8: =IMAGE("https://www.smogon.com/forums//media/minisprites/"&A8&".png",3) | C8: Aipom | D8: Normal | F8: 55 | G8: 70 | H8: 55 | I8: 40 | J8: 55 | K8: 85 | L8: =SUM(F8:K8) -> 360
A9: alakazam | B9: =IMAGE("https://www.smogon.com/forums//media/minisprites/"&A9&".png",3) | C9: Alakazam | D9: Psychic | F9: 55 | G9: 50 | H9: 45 | I9: 135 | J9: 95 | K9: 120 | L9: =SUM(F9:K9) -> 500
A10: alcremie | B10: =IMAGE("https://www.smogon.com/forums//media/minisprites/"&A10&".png",3) | C10: Alcremie | D10: Fairy | F10: 65 | G10: 60 | H10: 75 | I10: 110 | J10: 121 | K10: 64 | L10: =SUM(F10:K10) -> 495
A11: alomomola | B11: =IMAGE("https://www.smogon.com/forums//media/minisprites/"&A11&".png",3) | C11: Alomomola | D11: Water | F11: 165 | G11: 75 | H11: 80 | I11: 40 | J11: 45 | K11: 65 | L11: =SUM(F11:K11) -> 470
A12: altaria | B12: =IMAGE("https://www.smogon.com/forums//media/minisprites/"&A12&".png",3) | C12: Altaria | D12: Dragon | E12: Flying | F12: 75 | G12: 70 | H12: 90 | I12: 70 | J12: 105 | K12: 80 | L12: =SUM(F12:K12) -> 490
A13: amaura | B13: =IMAGE("https://www.smogon.com/forums//media/minisprites/"&A13&".png",3) | C13: Amaura | D13: Rock | E13: Ice | F13: 77 | G13: 59 | H13: 50 | I13: 67 | J13: 63 | K13: 46 | L13: =SUM(F13:K13) -> 362
A14: ambipom | B14: =IMAGE("https://www.smogon.com/forums//media/minisprites/"&A14&".png",3) | C14: Ambipom | D14: Normal | F14: 75 | G14: 100 | H14: 66 | I14: 60 | J14: 66 | K14: 115 | L14: =SUM(F14:K14) -> 482
A15: amoonguss | B15: =IMAGE("https://www.smogon.com/forums//media/minisprites/"&A15&".png",3) | C15: Amoonguss | D15: Grass | E15: Poison | F15: 114 | G15: 85 | H15: 70 | I15: 85 | J15: 80 | K15: 30 | L15: =SUM(F15:K15) -> 464
A16: ampharos | B16: =IMAGE("https://www.smogon.com/forums//media/minisprites/"&A16&".png",3) | C16: Ampharos | D16: Electric | F16: 90 | G16: 75 | H16: 85 | I16: 115 | J16: 90 | K16: 55 | L16: =SUM(F16:K16) -> 510
A17: anorith | B17: =IMAGE("https://www.smogon.com/forums//media/minisprites/"&A17&".png",3) | C17: Anorith | D17: Rock | E17: Bug | F17: 45 | G17: 95 | H17: 50 | I17: 40 | J17: 50 | K17: 75 | L17: =SUM(F17:K17) -> 355
A18: appletun | B18: =IMAGE("https://www.smogon.com/forums//media/minisprites/"&A18&".png",3) | C18: Appletun | D18: Grass | E18: Dragon | F18: 110 | G18: 85 | H18: 80 | I18: 100 | J18: 80 | K18: 30 | L18: =SUM(F18:K18) -> 485
A19: applin | B19: =IMAGE("https://www.smogon.com/forums//media/minisprites/"&A19&".png",3) | C19: Applin | D19: Grass | E19: Dragon | F19: 40 | G19: 40 | H19: 80 | I19: 40 | J19: 40 | K19: 20 | L19: =SUM(F19:K19) -> 260
A20: araquanid | B20: =IMAGE("https://www.smogon.com/forums//media/minisprites/"&A20&".png",3) | C20: Araquanid | D20: Water | E20: Bug | F20: 68 | G20: 70 | H20: 92 | I20: 50 | J20: 132 | K20: 42 | L20: =SUM(F20:K20) -> 454
A21: arbok | B21: =IMAGE("https://www.smogon.com/forums//media/minisprites/"&A21&".png",3) | C21: Arbok | D21: Poison | F21: 60 | G21: 95 | H21: 69 | I21: 65 | J21: 79 | K21: 80 | L21: =SUM(F21:K21) -> 448
A22: arcanine | B22: =IMAGE("https://www.smogon.com/forums//media/minisprites/"&A22&".png",3) | C22: Arcanine | D22: Fire | F22: 90 | G22: 110 | H22: 80 | I22: 100 | J22: 80 | K22: 95 | L22: =SUM(F22:K22) -> 555
A23: arceus | B23: =IMAGE("https://www.smogon.com/forums//media/minisprites/"&A23&".png",3) | C23: Arceus | D23: Normal | F23: 120 | G23: 120 | H23: 120 | I23: 120 | J23: 120 | K23: 120 | L23: =SUM(F23:K23) -> 720
A24: archen | B24: =IMAGE("https://www.smogon.com/forums//media/minisprites/"&A24&".png",3) | C24: Archen | D24: Rock | E24: Flying | F24: 55 | G24: 112 | H24: 45 | I24: 74 | J24: 45 | K24: 70 | L24: =SUM(F24:K24) -> 401
A25: archeops | B25: =IMAGE("https://www.smogon.com/forums//media/minisprites/"&A25&".png",3) | C25: Archeops | D25: Rock | E25: Flying | F25: 75 | G25: 140 | H25: 65 | I25: 112 | J25: 65 | K25: 110 | L25: =SUM(F25:K25) -> 567
A26: arctovish | B26: =IMAGE("https://www.smogon.com/forums//media/minisprites/"&A26&".png",3) | C26: Arctovish | D26: Water | E26: Ice | F26: 90 | G26: 90 | H26: 100 | I26: 80 | J26: 90 | K26: 55 | L26: =SUM(F26:K26) -> 505
A27: arctozolt | B27: =IMAGE("https://www.smogon.com/forums//media/minisprites/"&A27&".png",3) | C27: Arctozolt | D27: Electric | E27: Ice | F27: 90 | G27: 100 | H27: 90 | I27: 90 | J27: 80 | K27: 55 | L27: =SUM(F27:K27) -> 505
A28: argalis | B28: =IMAGE("https://www.smogon.com/forums//media/minisprites/"&A28&".png",3) | C28: Argalis | D28: Bug | E28: Psychic | F28: 60 | G28: 90 | H28: 89 | I28: 87 | J28: 40 | K28: 54 | L28: =SUM(F28:K28) -> 420
A29: arghonaut | B29: =IMAGE("https://www.smogon.com/forums//media/minisprites/"&A29&".png",3) | C29: Arghonaut | D29: Water | E29: Fighting | F29: 105 | G29: 110 | H29: 95 | I29: 70 | J29: 100 | K29: 75 | L29: =SUM(F29:K29) -> 555
A30: ariados | B30: =IMAGE("https://www.smogon.com/forums//media/minisprites/"&A30&".png",3) | C30: Ariados | D30: Bug | E30: Poison | F30: 70 | G30: 90 | H30: 70 | I30: 60 | J30: 70 | K30: 40 | L30: =SUM(F30:K30) -> 400
A31: armaldo | B31: =IMAGE("https://www.smogon.com/forums//media/minisprites/"&A31&".png",3) | C31: Armaldo | D31: Rock | E31: Bug | F31: 75 | G31: 125 | H31: 100 | I31: 70 | J31: 80 | K31: 45 | L31: =SUM(F31:K31) -> 495
A32: aromatisse | B32: =IMAGE("https://www.smogon.com/forums//media/minisprites/"&A32&".png",3) | C32: Aromatisse | D32: Fairy | F32: 101 | G32: 72 | H32: 72 | I32: 99 | J32: 89 | K32: 29 | L32: =SUM(F32:K32) -> 462
A33: aron | B33: =IMAGE("https://www.smogon.com/forums//media/minisprites/"&A33&".png",3) | C33: Aron | D33: Steel | E33: Rock | F33: 50 | G33: 70 | H33: 100 | I33: 40 | J33: 40 | K33: 30 | L33: =SUM(F33:K33) -> 330
A34: arrokuda | B34: =IMAGE("https://www.smogon.com/forums//media/minisprites/"&A34&".png",3) | C34: Arrokuda | D34: Water | F34: 41 | G34: 63 | H34: 40 | I34: 40 | J34: 30 | K34: 66 | L34: =SUM(F34:K34) -> 280
A35: articuno | B35: =IMAGE("https://www.smogon.com/forums//media/minisprites/"&A35&".png",3) | C35: Articuno | D35: Ice | E35: Flying | F35: 90 | G35: 85 | H35: 100 | I35: 95 | J35: 125 | K35: 85 | L35: =SUM(F35:K35) -> 580
A36: astrolotl | B36: =IMAGE("https://www.smogon.com/forums//media/minisprites/"&A36&".png",3) | C36: Astrolotl | D36: Fire | E36: Dragon | F36: 108 | G36: 108 | H36: 74 | I36: 92 | J36: 64 | K36: 114 | L36: =SUM(F36:K36) -> 560
A37: audino | B37: =IMAGE("https://www.smogon.com/forums//media/minisprites/"&A37&".png",3) | C37: Audino | D37: Normal | F37: 103 | G37: 60 | H37: 86 | I37: 60 | J37: 86 | K37: 50 | L37: =SUM(F37:K37) -> 445
A38: aurorus | B38: =IMAGE("https://www.smogon.com/forums//media/minisprites/"&A38&".png",3) | C38: Aurorus | D38: Rock | E38: Ice | F38: 123 | G38: 77 | H38: 72 | I38: 99 | J38: 92 | K38: 58 | L38: =SUM(F38:K38) -> 521
A39: aurumoth | B39: =IMAGE("https://www.smogon.com/forums//media/minisprites/"&A39&".png",3) | C39: Aurumoth | D39: Bug | E39: Psychic | F39: 110 | G39: 120 | H39: 99 | I39: 117 | J39: 60 | K39: 94 | L39: =SUM(F39:K39) -> 600
A40: avalugg | B40: =IMAGE("https://www.smogon.com/forums//media/minisprites/"&A40&".png",3) | C40: Avalugg | D40: Ice | F40: 95 | G40: 117 | H40: 184 | I40: 44 | J40: 46 | K40: 28 | L40: =SUM(F40:K40) -> 514
A41: axew | B41: =IMAGE("https://www.smogon.com/forums//media/minisprites/"&A41&".png",3) | C41: Axew | D41: Dragon | F41: 46 | G41: 87 | H41: 60 | I41: 30 | J41: 40 | K41: 57 | L41: =SUM(F41:K41) -> 320
A42: azelf | B42: =IMAGE("https://www.smogon.com/forums//media/minisprites/"&A42&".png",3) | C42: Azelf | D42: Psychic | F42: 75 | G42: 125 | H42: 70 | I42: 125 | J42: 70 | K42: 115 | L42: =SUM(F42:K42) -> 580
A43: azumarill | B43: =IMAGE("https://www.smogon.com/forums//media/minisprites/"&A43&".png",3) | C43: Azumarill | D43: Water | E43: Fairy | F43: 100 | G43: 50 | H43: 80 | I43: 60 | J43: 80 | K43: 50 | L43: =SUM(F43:K43) -> 420
A44: azurill | B44: =IMAGE("https://www.smogon.com/forums//media/minisprites/"&A44&".png",3) | C44: Azurill | D44: Normal | E44: Fairy | F44: 50 | G44: 20 | H44: 40 | I44: 20 | J44: 40 | K44: 20 | L44: =SUM(F44:K44) -> 190
A45: bagon | B45: =IMAGE("https://www.smogon.com/forums//media/minisprites/"&A45&".png",3) | C45: Bagon | D45: Dragon | F45: 45 | G45: 75 | H45: 60 | I45: 40 | J45: 30 | K45: 50 | L45: =SUM(F45:K45) -> 300
A46: baltoy | B46: =IMAGE("https://www.smogon.com/forums//media/minisprites/"&A46&".png",3) | C46: Baltoy | D46: Ground | E46: Psychic | F46: 40 | G46: 40 | H46: 55 | I46: 40 | J46: 70 | K46: 55 | L46: =SUM(F46:K46) -> 300
A47: banette | B47: =IMAGE("https://www.smogon.com/forums//media/minisprites/"&A47&".png",3) | C47: Banette | D47: Ghost | F47: 64 | G47: 115 | H47: 65 | I47: 83 | J47: 63 | K47: 65 | L47: =SUM(F47:K47) -> 455
A48: barbaracle | B48: =IMAGE("https://www.smogon.com/forums//media/minisprites/"&A48&".png",3) | C48: Barbaracle | D48: Rock | E48: Water | F48: 72 | G48: 105 | H48: 115 | I48: 54 | J48: 86 | K48: 68 | L48: =SUM(F48:K48) -> 500
A49: barboach | B49: =IMAGE("https://www.smogon.com/forums//media/minisprites/"&A49&".png",3) | C49: Barboach | D49: Water | E49: Ground | F49: 50 | G49: 48 | H49: 43 | I49: 46 | J49: 41 | K49: 60 | L49: =SUM(F49:K49) -> 288
A50: barraskewda | B50: =IMAGE("https://www.smogon.com/forums//media/minisprites/"&A50&".png",3) | C50: Barraskewda | D50: Water | F50: 61 | G50: 123 | H50: 60 | I50: 60 | J50: 50 | K50: 136 | L50: =SUM(F50:K50) -> 490
A51: basculin | B51: =IMAGE("https://www.smogon.com/forums//media/minisprites/"&A51&".png",3) | C51: Basculin | D51: Water | F51: 70 | G51: 92 | H51: 65 | I51: 80 | J51: 55 | K51: 98 | L51: =SUM(F51:K51) -> 460
A52: bastiodon | B52: =IMAGE("https://www.smogon.com/forums//media/minisprites/"&A52&".png",3) | C52: Bastiodon | D52: Rock | E52: Steel | F52: 60 | G52: 52 | H52: 168 | I52: 47 | J52: 138 | K52: 30 | L52: =SUM(F52:K52) -> 495
A53: bayleef | B53: =IMAGE("https://www.smogon.com/forums//media/minisprites/"&A53&".png",3) | C53: Bayleef | D53: Grass | F53: 60 | G53: 62 | H53: 80 | I53: 63 | J53: 80 | K53: 60 | L53: =SUM(F53:K53) -> 405
A54: beartic | B54: =IMAGE("https://www.smogon.com/forums//media/minisprites/"&A54&".png",3) | C54: Beartic | D54: Ice | F54: 95 | G54: 130 | H54: 80 | I54: 70 | J54: 80 | K54: 50 | L54: =SUM(F54:K54) -> 505
A55: beautifly | B55: =IMAGE("https://www.smogon.com/forums//media/minisprites/"&A55&".png",3) | C55: Beautifly | D55: Bug | E55: Flying | F55: 60 | G55: 70 | H55: 50 | I55: 100 | J55: 50 | K55: 65 | L55: =SUM(F55:K55) -> 395
A56: beedrill | B56: =IMAGE("https://www.smogon.com/forums//media/minisprites/"&A56&".png",3) | C56: Beedrill | D56: Bug | E56: Poison | F56: 65 | G56: 90 | H56: 40 | I56: 45 | J56: 80 | K56: 75 | L56: =SUM(F56:K56) -> 395
A57: beheeyem | B57: =IMAGE("https://www.smogon.com/forums//media/minisprites/"&A57&".png",3) | C57: Beheeyem | D57: Psychic | F57: 75 | G57: 75 | H57: 75 | I57: 125 | J57: 95 | K57: 40 | L57: =SUM(F57:K57) -> 485
A58: beldum | B58: =IMAGE("https://www.smogon.com/forums//media/minisprites/"&A58&".png",3) | C58: Beldum | D58: Steel | E58: Psychic | F58: 40 | G58: 55 | H58: 80 | I58: 35 | J58: 60 | K58: 30 | L58: =SUM(F58:K58) -> 300
A59: bellossom | B59: =IMAGE("https://www.smogon.com/forums//media/minisprites/"&A59&".png",3) | C59: Bellossom | D59: Grass | F59: 75 | G59: 80 | H59: 95 | I59: 90 | J59: 100 | K59: 50 | L59: =SUM(F59:K59) -> 490
A60: bellsprout | B60: =IMAGE("https://www.smogon.com/forums//media/minisprites/"&A60&".png",3) | C60: Bellsprout | D60: Grass | E60: Poison | F60: 50 | G60: 75 | H60: 35 | I60: 70 | J60: 30 | K60: 40 | L60: =SUM(F60:K60) -> 300
A61: bergmite | B61: =IMAGE("https://www.smogon.com/forums//media/minisprites/"&A61&".png",3) | C61: Bergmite | D61: Ice | F61: 55 | G61: 69 | H61: 85 | I61: 32 | J61: 35 | K61: 28 | L61: =SUM(F61:K61) -> 304
A62: bewear | B62: =IMAGE("https://www.smogon.com/forums//media/minisprites/"&A62&".png",3) | C62: Bewear | D62: Normal | E62: Fighting | F62: 120 | G62: 125 | H62: 80 | I62: 55 | J62: 60 | K62: 60 | L62: =SUM(F62:K62) -> 500
A63: bibarel | B63: =IMAGE("https://www.smogon.com/forums//media/minisprites/"&A63&".png",3) | C63: Bibarel | D63: Normal | E63: Water | F63: 79 | G63: 85 | H63: 60 | I63: 55 | J63: 60 | K63: 71 | L63: =SUM(F63:K63) -> 410
A64: bidoof | B64: =IMAGE("https://www.smogon.com/forums//media/minisprites/"&A64&".png",3) | C64: Bidoof | D64: Normal | F64: 59 | G64: 45 | H64: 40 | I64: 35 | J64: 40 | K64: 31 | L64: =SUM(F64:K64) -> 250
A65: binacle | B65: =IMAGE("https://www.smogon.com/forums//media/minisprites/"&A65&".png",3) | C65: Binacle | D65: Rock | E65: Water | F65: 42 | G65: 52 | H65: 67 | I65: 39 | J65: 56 | K65: 50 | L65: =SUM(F65:K65) -> 306
A66: bisharp | B66: =IMAGE("https://www.smogon.com/forums//media/minisprites/"&A66&".png",3) | C66: Bisharp | D66: Dark | E66: Steel | F66: 65 | G66: 125 | H66: 100 | I66: 60 | J66: 70 | K66: 70 | L66: =SUM(F66:K66) -> 490
A67: blacephalon | B67: =IMAGE("https://www.smogon.com/forums//media/minisprites/"&A67&".png",3) | C67: Blacephalon | D67: Fire | E67: Ghost | F67: 53 | G67: 127 | H67: 53 | I67: 151 | J67: 79 | K67: 107 | L67: =SUM(F67:K67) -> 570
A68: blastoise | B68: =IMAGE("https://www.smogon.com/forums//media/minisprites/"&A68&".png",3) | C68: Blastoise | D68: Water | F68: 79 | G68: 83 | H68: 100 | I68: 85 | J68: 105 | K68: 78 | L68: =SUM(F68:K68) -> 530
A69: blaziken | B69: =IMAGE("https://www.smogon.com/forums//media/minisprites/"&A69&".png",3) | C69: Blaziken | D69: Fire | E69: Fighting | F69: 80 | G69: 120 | H69: 70 | I69: 110 | J69: 70 | K69: 80 | L69: =SUM(F69:K69) -> 530
A70: blipbug | B70: =IMAGE("https://www.smogon.com/forums//media/minisprites/"&A70&".png",3) | C70: Blipbug | D70: Bug | F70: 25 | G70: 20 | H70: 20 | I70: 25 | J70: 45 | K70: 45 | L70: =SUM(F70:K70) -> 180
A71: blissey | B71: =IMAGE("https://www.smogon.com/forums//media/minisprites/"&A71&".png",3) | C71: Blissey | D71: Normal | F71: 255 | G71: 10 | H71: 10 | I71: 75 | J71: 135 | K71: 55 | L71: =SUM(F71:K71) -> 540
A72: blitzle | B72: =IMAGE("https://www.smogon.com/forums//media/minisprites/"&A72&".png",3) | C72: Blitzle | D72: Electric | F72: 45 | G72: 60 | H72: 32 | I72: 50 | J72: 32 | K72: 76 | L72: =SUM(F72:K72) -> 295
A73: boldore | B73: =IMAGE("https://www.smogon.com/forums//media/minisprites/"&A73&".png",3) | C73: Boldore | D73: Rock | F73: 70 | G73: 105 | H73: 105 | I73: 50 | J73: 40 | K73: 20 | L73: =SUM(F73:K73) -> 390
A74: boltund | B74: =IMAGE("https://www.smogon.com/forums//media/minisprites/"&A74&".png",3) | C74: Boltund | D74: Electric | F74: 69 | G74: 90 | H74: 60 | I74: 90 | J74: 60 | K74: 121 | L74: =SUM(F74:K74) -> 490
A75: bonsly | B75: =IMAGE("https://www.smogon.com/forums//media/minisprites/"&A75&".png",3) | C75: Bonsly | D75: Rock | F75: 50 | G75: 80 | H75: 95 | I75: 10 | J75: 45 | K75: 10 | L75: =SUM(F75:K75) -> 290
A76: bouffalant | B76: =IMAGE("https://www.smogon.com/forums//media/minisprites/"&A76&".png",3) | C76: Bouffalant | D76: Normal | F76: 95 | G76: 110 | H76: 95 | I76: 40 | J76: 95 | K76: 55 | L76: =SUM(F76:K76) -> 490
A77: bounsweet | B77: =IMAGE("https://www.smogon.com/forums//media/minisprites/"&A77&".png",3) | C77: Bounsweet | D77: Grass | F77: 42 | G77: 30 | H77: 38 | I77: 30 | J77: 38 | K77: 32 | L77: =SUM(F77:K77) -> 210
A78: braixen | B78: =IMAGE("https://www.smogon.com/forums//media/minisprites/"&A78&".png",3) | C78: Braixen | D78: Fire | F78: 59 | G78: 59 | H78: 58 | I78: 90 | J78: 70 | K78: 73 | L78: =SUM(F78:K78) -> 409
A79: brattler | B79: =IMAGE("https://www.smogon.com/forums//media/minisprites/"&A79&".png",3) | C79: Brattler | D79: Dark | E79: Grass | F79: 80 | G79: 70 | H79: 40 | I79: 20 | J79: 90 | K79: 30 | L79: =SUM(F79:K79) -> 330
A80: braviary | B80: =IMAGE("https://www.smogon.com/forums//media/minisprites/"&A80&".png",3) | C80: Braviary | D80: Normal | E80: Flying | F80: 100 | G80: 123 | H80: 75 | I80: 57 | J80: 75 | K80: 80 | L80: =SUM(F80:K80) -> 510
A81: breezi | B81: =IMAGE("https://www.smogon.com/forums//media/minisprites/"&A81&".png",3) | C81: Breezi | D81: Poison | E81: Flying | F81: 50 | G81: 46 | H81: 69 | I81: 60 | J81: 50 | K81: 75 | L81: =SUM(F81:K81) -> 350
A82: breloom | B82: =IMAGE("https://www.smogon.com/forums//media/minisprites/"&A82&".png",3) | C82: Breloom | D82: Grass | E82: Fighting | F82: 60 | G82: 130 | H82: 80 | I82: 60 | J82: 60 | K82: 70 | L82: =SUM(F82:K82) -> 460
A83: brionne | B83: =IMAGE("https://www.smogon.com/forums//media/minisprites/"&A83&".png",3) | C83: Brionne | D83: Water | F83: 60 | G83: 69 | H83: 69 | I83: 91 | J83: 81 | K83: 50 | L83: =SUM(F83:K83) -> 420
A84: bronzong | B84: =IMAGE("https://www.smogon.com/forums//media/minisprites/"&A84&".png",3) | C84: Bronzong | D84: Steel | E84: Psychic | F84: 67 | G84: 89 | H84: 116 | I84: 79 | J84: 116 | K84: 33 | L84: =SUM(F84:K84) -> 500
A85: bronzor | B85: =IMAGE("https://www.smogon.com/forums//media/minisprites/"&A85&".png",3) | C85: Bronzor | D85: Steel | E85: Psychic | F85: 57 | G85: 24 | H85: 86 | I85: 24 | J85: 86 | K85: 23 | L85: =SUM(F85:K85) -> 300
A86: bruxish | B86: =IMAGE("https://www.smogon.com/forums//media/minisprites/"&A86&".png",3) | C86: Bruxish | D86: Water | E86: Psychic | F86: 68 | G86: 105 | H86: 70 | I86: 70 | J86: 70 | K86: 92 | L86: =SUM(F86:K86) -> 475
A87: budew | B87: =IMAGE("https://www.smogon.com/forums//media/minisprites/"&A87&".png",3) | C87: Budew | D87: Grass | E87: Poison | F87: 40 | G87: 30 | H87: 35 | I87: 50 | J87: 70 | K87: 55 | L87: =SUM(F87:K87) -> 280
A88: buizel | B88: =IMAGE("https://www.smogon.com/forums//media/minisprites/"&A88&".png",3) | C88: Buizel | D88: Water | F88: 55 | G88: 65 | H88: 35 | I88: 60 | J88: 30 | K88: 85 | L88: =SUM(F88:K88) -> 330
A89: bulbasaur | B89: =IMAGE("https://www.smogon.com/forums//media/minisprites/"&A89&".png",3) | C89: Bulbasaur | D89: Grass | E89: Poison | F89: 45 | G89: 49 | H89: 49 | I89: 65 | J89: 65 | K89: 45 | L89: =SUM(F89:K89) -> 318
A90: buneary | B90: =IMAGE("https://www.smogon.com/forums//media/minisprites/"&A90&".png",3) | C90: Buneary | D90: Normal | F90: 55 | G90: 66 | H90: 44 | I90: 44 | J90: 56 | K90: 85 | L90: =SUM(F90:K90) -> 350
A91: bunnelby | B91: =IMAGE("https://www.smogon.com/forums//media/minisprites/"&A91&".png",3) | C91: Bunnelby | D91: Normal | F91: 38 | G91: 36 | H91: 38 | I91: 32 | J91: 36 | K91: 57 | L91: =SUM(F91:K91) -> 237
A92: burmy | B92: =IMAGE("https://www.smogon.com/forums//media/minisprites/"&A92&".png",3) | C92: Burmy | D92: Bug | F92: 40 | G92: 29 | H92: 45 | I92: 29 | J92: 45 | K92: 36 | L92: =SUM(F92:K92) -> 224
A93: butterfree | B93: =IMAGE("https://www.smogon.com/forums//media/minisprites/"&A93&".png",3) | C93: Butterfree | D93: Bug | E93: Flying | F93: 60 | G93: 45 | H93: 50 | I93: 90 | J93: 80 | K93: 70 | L93: =SUM(F93:K93) -> 395
A94: buzzwole | B94: =IMAGE("https://www.smogon.com/forums//media/minisprites/"&A94&".png",3) | C94: Buzzwole | D94: Bug | E94: Fighting | F94: 107 | G94: 139 | H94: 139 | I94: 53 | J94: 53 | K94: 79 | L94: =SUM(F94:K94) -> 570
A95: cacnea | B95: =IMAGE("https://www.smogon.com/forums//media/minisprites/"&A95&".png",3) | C95: Cacnea | D95: Grass | F95: 50 | G95: 85 | H95: 40 | I95: 85 | J95: 40 | K95: 35 | L95: =SUM(F95:K95) -> 335
A96: cacturne | B96: =IMAGE("https://www.smogon.com/forums//media/minisprites/"&A96&".png",3) | C96: Cacturne | D96: Grass | E96: Dark | F96: 70 | G96: 115 | H96: 60 | I96: 115 | J96: 60 | K96: 55 | L96: =SUM(F96:K96) -> 475
A97: caimanoe | B97: =IMAGE("https://www.smogon.com/forums//media/minisprites/"&A97&".png",3) | C97: Caimanoe | D97: Water | E97: Steel | F97: 73 | G97: 85 | H97: 65 | I97: 80 | J97: 40 | K97: 87 | L97: =SUM(F97:K97) -> 430
A98: calyrex | B98: =IMAGE("https://www.smogon.com/forums//media/minisprites/"&A98&".png",3) | C98: Calyrex | D98: Psychic | E98: Grass | F98: 100 | G98: 80 | H98: 80 | I98: 80 | J98: 80 | K98: 80 | L98: =SUM(F98:K98) -> 500
A99: camerupt | B99: =IMAGE("https://www.smogon.com/forums//media/minisprites/"&A99&".png",3) | C99: Camerupt | D99: Fire | E99: Ground | F99: 70 | G99: 100 | H99: 70 | I99: 105 | J99: 75 | K99: 40 | L99: =SUM(F99:K99) -> 460
A100: carbink | B100: =IMAGE("https://www.smogon.com/forums//media/minisprites/"&A100&".png",3) | C100: Carbink | D100: Rock | E100: Fairy | F100: 50 | G100: 50 | H100: 150 | I100: 50 | J100: 150 | K100: 50 | L100: =SUM(F100:K100) -> 500
...

Sheet Changelog
A1: All sets changed between 1.0 data (provided by @GhostsSoup) and 1.1 data (provided by @Kaphotics). 1.0 is listed first and 1.1 directly below it for convenience!
A2: Pokémon | C2: Sticker | D2: Lv | E2: Ability | G2: Item | H2: Moves | I2: Nature | J2: EVs | P2: IVs
J3: HP | K3: Atk | L3: Def | M3: SpA | N3: SpD | O3: Spe
B4: Trainer ID 352 | D4: Pokémon Trainer Cedric | H4: (note: Cedric is the name used for Barry internally)
A5: =IF(COUNTIF('Icon Lookup'!C:C,B5)>0,LOOKUP(B5,'Icon Lookup'!C:C,'Icon Lookup'!B:B),"") | B5: Monferno | C5: ! | D5: 21 | E5: Blaze | H5: Mach Punch / Leer / Flame Wheel / Stealth Rock | I5: Jolly | J5: 12 | K5: 0 | L5: 4 | M5: 36 | N5: 4 | O5: 36 | P5: 11 | Q5: 11 | R5: 11 | S5: 11 | T5: 11 | U5: 11
A6: =IF(COUNTIF('Icon Lookup'!C:C,B6)>0,LOOKUP(B6,'Icon Lookup'!C:C,'Icon Lookup'!B:B),"") | B6: Monferno | C6: ! | D6: 21 | E6: Blaze | H6: Mach Punch / Leer / Flame Wheel / Stealth Rock | I6: Jolly | J6: 12 | K6: 36 | L6: 4 | M6: 0 | N6: 4 | O6: 36 | P6: 11 | Q6: 11 | R6: 11 | S6: 11 | T6: 11 | U6: 11
B7: Trainer ID 353 | D7: Pokémon Trainer Cedric | H7: (note: Cedric is the name used for Barry internally)
A8: =IF(COUNTIF('Icon Lookup'!C:C,B8)>0,LOOKUP(B8,'Icon Lookup'!C:C,'Icon Lookup'!B:B),"") | B8: Prinplup | C8: ! | D8: 21 | E8: Torrent | H8: Metal Claw / Bubble Beam / Stealth Rock / Grass Knot | I8: Timid | J8: 12 | K8: 36 | L8: 4 | M8: 0 | N8: 4 | O8: 36 | P8: 11 | Q8: 11 | R8: 11 | S8: 11 | T8: 11 | U8: 11
A9: =IF(COUNTIF('Icon Lookup'!C:C,B9)>0,LOOKUP(B9,'Icon Lookup'!C:C,'Icon Lookup'!B:B),"") | B9: Prinplup | C9: ! | D9: 21 | E9: Torrent | H9: Metal Claw / Bubble Beam / Stealth Rock / Grass Knot | I9: Timid | J9: 12 | K9: 0 | L9: 4 | M9: 36 | N9: 4 | O9: 36 | P9: 11 | Q9: 11 | R9: 11 | S9: 11 | T9: 11 | U9: 11
B10: Trainer ID 355 | D10: Pokémon Trainer Cedric | H10: (note: Cedric is the name used for Barry internally)
A11: =IF(COUNTIF('Icon Lookup'!C:C,B11)>0,LOOKUP(B11,'Icon Lookup'!C:C,'Icon Lookup'!B:B),"") | B11: Monferno | C11: ! | D11: 31 | E11: =IMAGE("https://www.serebii.net/itemdex/sprites/shellbell.png") | F11: Blaze | G11: Shell Bell | H11: Mach Punch / Leer / Power-Up Punch / Flame Wheel | I11: Jolly | J11: 36 | K11: 0 | L11: 12 | M11: 52 | N11: 12 | O11: 52 | P11: 11 | Q11: 11 | R11: 11 | S11: 11 | T11: 11 | U11: 11
A12: =IF(COUNTIF('Icon Lookup'!C:C,B12)>0,LOOKUP(B12,'Icon Lookup'!C:C,'Icon Lookup'!B:B),"") | B12: Monferno | C12: ! | D12: 31 | E12: =IMAGE("https://www.serebii.net/itemdex/sprites/shellbell.png") | F12: Blaze | G12: Shell Bell | H12: Mach Punch / Leer / Power-Up Punch / Flame Wheel | I12: Jolly | J12: 36 | K12: 52 | L12: 12 | M12: 0 | N12: 12 | O12: 52 | P12: 11 | Q12: 11 | R12: 11 | S12: 11 | T12: 11 | U12: 11
B13: Trainer ID 356 | D13: Pokémon Trainer Cedric | H13: (note: Cedric is the name used for Barry internally)
A14: =IF(COUNTIF('Icon Lookup'!C:C,B14)>0,LOOKUP(B14,'Icon Lookup'!C:C,'Icon Lookup'!B:B),"") | B14: Prinplup | C14: ! | D14: 31 | E14: =IMAGE("https://www.serebii.net/itemdex/sprites/seaincense.png") | F14: Torrent | G14: Sea Incense | H14: Metal Claw / Charm / Bubble Beam / Grass Knot | I14: Timid | J14: 36 | K14: 52 | L14: 12 | M14: 0 | N14: 12 | O14: 52 | P14: 11 | Q14: 11 | R14: 11 | S14: 11 | T14: 11 | U14: 11
A15: =IF(COUNTIF('Icon Lookup'!C:C,B15)>0,LOOKUP(B15,'Icon Lookup'!C:C,'Icon Lookup'!B:B),"") | B15: Prinplup | C15: ! | D15: 31 | E15: =IMAGE("https://www.serebii.net/itemdex/sprites/seaincense.png") | F15: Torrent | G15: Sea Incense | H15: Metal Claw / Charm / Bubble Beam / Grass Knot | I15: Timid | J15: 36 | K15: 0 | L15: 12 | M15: 52 | N15: 12 | O15: 52 | P15: 11 | Q15: 11 | R15: 11 | S15: 11 | T15: 11 | U15: 11
B16: Trainer ID 358 | D16: Pokémon Trainer Cedric | H16: (note: Cedric is the name used for Barry internally)
A17: =IF(COUNTIF('Icon Lookup'!C:C,B17)>0,LOOKUP(B17,'Icon Lookup'!C:C,'Icon Lookup'!B:B),"") | B17: Monferno | C17: ! | D17: 37 | E17: =IMAGE("https://www.serebii.net/itemdex/sprites/shellbell.png") | F17: Blaze | G17: Shell Bell | H17: Mach Punch / Power-Up Punch / Flame Wheel / Shadow Claw | I17: Jolly | J17: 48 | K17: 0 | L17: 24 | M17: 80 | N17: 24 | O17: 80 | P17: 11 | Q17: 11 | R17: 11 | S17: 11 | T17: 11 | U17: 11
A18: =IF(COUNTIF('Icon Lookup'!C:C,B18)>0,LOOKUP(B18,'Icon Lookup'!C:C,'Icon Lookup'!B:B),"") | B18: Monferno | C18: ! | D18: 37 | E18: =IMAGE("https://www.serebii.net/itemdex/sprites/shellbell.png") | F18: Blaze | G18: Shell Bell | H18: Mach Punch / Power-Up Punch / Flame Wheel / Shadow Claw | I18: Jolly | J18: 48 | K18: 80 | L18: 24 | M18: 0 | N18: 24 | O18: 80 | P18: 11 | Q18: 11 | R18: 11 | S18: 11 | T18: 11 | U18: 11
B19: Trainer ID 359 | D19: Pokémon Trainer Cedric | H19: (note: Cedric is the name used for Barry internally)
A20: =IF(COUNTIF('Icon Lookup'!C:C,B20)>0,LOOKUP(B20,'Icon Lookup'!C:C,'Icon Lookup'!B:B),"") | B20: Prinplup | C20: ! | D20: 37 | E20: =IMAGE("https://www.serebii.net/itemdex/sprites/seaincense.png") | F20: Torrent | G20: Sea Incense | H20: Metal Claw / Charm / Grass Knot / Brine | I20: Timid | J20: 48 | K20: 80 | L20: 24 | M20: 0 | N20: 24 | O20: 80 | P20: 11 | Q20: 11 | R20: 11 | S20: 11 | T20: 11 | U20: 11
A21: =IF(COUNTIF('Icon Lookup'!C:C,B21)>0,LOOKUP(B21,'Icon Lookup'!C:C,'Icon Lookup'!B:B),"") | B21: Prinplup | C21: ! | D21: 37 | E21: =IMAGE("https://www.serebii.net/itemdex/sprites/seaincense.png") | F21: Torrent | G21: Sea Incense | H21: Metal Claw / Charm / Grass Knot / Brine | I21: Timid | J21: 48 | K21: 0 | L21: 24 | M21: 80 | N21: 24 | O21: 80 | P21: 11 | Q21: 11 | R21: 11 | S21: 11 | T21: 11 | U21: 11
B22: Trainer ID 361 | D22: Pokémon Trainer Cedric | H22: (note: Cedric is the name used for Barry internally)
A23: =IF(COUNTIF('Icon Lookup'!C:C,B23)>0,LOOKUP(B23,'Icon Lookup'!C:C,'Icon Lookup'!B:B),"") | B23: Infernape | C23: ! | D23: 55 | E23: =IMAGE("https://www.serebii.net/itemdex/sprites/expertbelt.png") | F23: Blaze | G23: Expert Belt | H23: Close Combat / Flame Wheel / U-turn / Shadow Claw | I23: Jolly | J23: 52 | K23: 0 | L23: 52 | M23: 156 | N23: 52 | O23: 164 | P23: 11 | Q23: 11 | R23: 11 | S23: 11 | T23: 11 | U23: 11
A24: =IF(COUNTIF('Icon Lookup'!C:C,B24)>0,LOOKUP(B24,'Icon Lookup'!C:C,'Icon Lookup'!B:B),"") | B24: Infernape | C24: ! | D24: 55 | E24: =IMAGE("https://www.serebii.net/itemdex/sprites/expertbelt.png") | F24: Blaze | G24: Expert Belt | H24: Close Combat / Flame Wheel / U-turn / Shadow Claw | I24: Jolly | J24: 52 | K24: 156 | L24: 52 | M24: 0 | N24: 52 | O24: 164 | P24: 11 | Q24: 11 | R24: 11 | S24: 11 | T24: 11 | U24: 11
B25: Trainer ID 362 | D25: Pokémon Trainer Cedric | H25: (note: Cedric is the name used for Barry internally)
A26: =IF(COUNTIF('Icon Lookup'!C:C,B26)>0,LOOKUP(B26,'Icon Lookup'!C:C,'Icon Lookup'!B:B),"") | B26: Empoleon | C26: ! | D26: 55 | E26: =IMAGE("https://www.serebii.net/itemdex/sprites/quickclaw.png") | F26: Torrent | G26: Quick Claw | H26: Charm / Grass Knot / Brine / Flash Cannon | I26: Timid | J26: 52 | K26: 156 | L26: 52 | M26: 0 | N26: 52 | O26: 164 | P26: 11 | Q26: 11 | R26: 11 | S26: 11 | T26: 11 | U26: 11
A27: =IF(COUNTIF('Icon Lookup'!C:C,B27)>0,LOOKUP(B27,'Icon Lookup'!C:C,'Icon Lookup'!B:B),"") | B27: Empoleon | C27: ! | D27: 55 | E27: =IMAGE("https://www.serebii.net/itemdex/sprites/quickclaw.png") | F27: Torrent | G27: Quick Claw | H27: Charm / Grass Knot / Brine / Flash Cannon | I27: Timid | J27: 52 | K27: 0 | L27: 52 | M27: 156 | N27: 52 | O27: 164 | P27: 11 | Q27: 11 | R27: 11 | S27: 11 | T27: 11 | U27: 11
B28: Trainer ID 493 | D28: Pokémon Trainer Cedric | H28: (note: Cedric is the name used for Barry internally)
A29: =IF(COUNTIF('Icon Lookup'!C:C,B29)>0,LOOKUP(B29,'Icon Lookup'!C:C,'Icon Lookup'!B:B),"") | B29: Infernape | C29: ! | D29: 45 | E29: =IMAGE("https://www.serebii.net/itemdex/sprites/shellbell.png") | F29: Blaze | G29: Shell Bell | H29: Close Combat / Flame Wheel / U-turn / Shadow Claw | I29: Jolly | J29: 52 | K29: 0 | L29: 52 | M29: 124 | N29: 52 | O29: 164 | P29: 11 | Q29: 11 | R29: 11 | S29: 11 | T29: 11 | U29: 11
A30: =IF(COUNTIF('Icon Lookup'!C:C,B30)>0,LOOKUP(B30,'Icon Lookup'!C:C,'Icon Lookup'!B:B),"") | B30: Infernape | C30: ! | D30: 45 | E30: =IMAGE("https://www.serebii.net/itemdex/sprites/shellbell.png") | F30: Blaze | G30: Shell Bell | H30: Close Combat / Flame Wheel / U-turn / Shadow Claw | I30: Jolly | J30: 52 | K30: 124 | L30: 52 | M30: 0 | N30: 52 | O30: 164 | P30: 11 | Q30: 11 | R30: 11 | S30: 11 | T30: 11 | U30: 11
B31: Trainer ID 494 | D31: Pokémon Trainer Cedric | H31: (note: Cedric is the name used for Barry internally)
A32: =IF(COUNTIF('Icon Lookup'!C:C,B32)>0,LOOKUP(B32,'Icon Lookup'!C:C,'Icon Lookup'!B:B),"") | B32: Empoleon | C32: ! | D32: 45 | E32: =IMAGE("https://www.serebii.net/itemdex/sprites/seaincense.png") | F32: Torrent | G32: Sea Incense | H32: Metal Claw / Charm / Grass Knot / Brine | I32: Timid | J32: 52 | K32: 124 | L32: 52 | M32: 0 | N32: 52 | O32: 164 | P32: 11 | Q32: 11 | R32: 11 | S32: 11 | T32: 11 | U32: 11
A33: =IF(COUNTIF('Icon Lookup'!C:C,B33)>0,LOOKUP(B33,'Icon Lookup'!C:C,'Icon Lookup'!B:B),"") | B33: Empoleon | C33: ! | D33: 45 | E33: =IMAGE("https://www.serebii.net/itemdex/sprites/seaincense.png") | F33: Torrent | G33: Sea Incense | H33: Metal Claw / Charm / Grass Knot / Brine | I33: Timid | J33: 52 | K33: 0 | L33: 52 | M33: 124 | N33: 52 | O33: 164 | P33: 11 | Q33: 11 | R33: 11 | S33: 11 | T33: 11 | U33: 11
B34: Trainer ID 664 | D34: Pokémon Trainer Cedric | H34: (note: Cedric is the name used for Barry internally)
A35: =IF(COUNTIF('Icon Lookup'!C:C,B35)>0,LOOKUP(B35,'Icon Lookup'!C:C,'Icon Lookup'!B:B),"") | B35: Infernape | C35: ! | D35: 64 | E35: =IMAGE("https://www.serebii.net/itemdex/sprites/expertbelt.png") | F35: Blaze | G35: Expert Belt | H35: Close Combat / Flare Blitz / U-turn / Shadow Claw | I35: Jolly | J35: 52 | K35: 0 | L35: 52 | M35: 188 | N35: 52 | O35: 164 | P35: 11 | Q35: 11 | R35: 11 | S35: 11 | T35: 11 | U35: 11
A36: =IF(COUNTIF('Icon Lookup'!C:C,B36)>0,LOOKUP(B36,'Icon Lookup'!C:C,'Icon Lookup'!B:B),"") | B36: Infernape | C36: ! | D36: 64 | E36: =IMAGE("https://www.serebii.net/itemdex/sprites/expertbelt.png") | F36: Blaze | G36: Expert Belt | H36: Close Combat / Flare Blitz / U-turn / Shadow Claw | I36: Jolly | J36: 52 | K36: 188 | L36: 52 | M36: 0 | N36: 52 | O36: 164 | P36: 11 | Q36: 11 | R36: 11 | S36: 11 | T36: 11 | U36: 11
B37: Trainer ID 665 | D37: Pokémon Trainer Cedric | H37: (note: Cedric is the name used for Barry internally)
A38: =IF(COUNTIF('Icon Lookup'!C:C,B38)>0,LOOKUP(B38,'Icon Lookup'!C:C,'Icon Lookup'!B:B),"") | B38: Empoleon | C38: ! | D38: 64 | E38: =IMAGE("https://www.serebii.net/itemdex/sprites/quickclaw.png") | F38: Torrent | G38: Quick Claw | H38: Charm / Grass Knot / Surf / Flash Cannon | I38: Timid | J38: 52 | K38: 188 | L38: 52 | M38: 0 | N38: 52 | O38: 164 | P38: 11 | Q38: 11 | R38: 11 | S38: 11 | T38: 11 | U38: 11
A39: =IF(COUNTIF('Icon Lookup'!C:C,B39)>0,LOOKUP(B39,'Icon Lookup'!C:C,'Icon Lookup'!B:B),"") | B39: Empoleon | C39: ! | D39: 64 | E39: =IMAGE("https://www.serebii.net/itemdex/sprites/quickclaw.png") | F39: Torrent | G39: Quick Claw | H39: Charm / Grass Knot / Surf / Flash Cannon | I39: Timid | J39: 52 | K39: 0 | L39: 52 | M39: 188 | N39: 52 | O39: 164 | P39: 11 | Q39: 11 | R39: 11 | S39: 11 | T39: 11 | U39: 11
B40: Trainer ID 666 | D40: Pokémon Trainer Cedric | H40: (note: Cedric is the name used for Barry internally)
A41: =IF(COUNTIF('Icon Lookup'!C:C,B41)>0,LOOKUP(B41,'Icon Lookup'!C:C,'Icon Lookup'!B:B),"") | B41: Staraptor | D41: 68 | E41: =IMAGE("https://www.serebii.net/itemdex/sprites/focussash.png") | F41: Intimidate | G41: Focus Sash | H41: Close Combat / Pluck / Endeavor / U-turn | I41: Jolly | J41: 60 | K41: 132 | L41: 36 | M41: 0 | N41: 36 | O41: 244 | P41: 5 | Q41: 5 | R41: 5 | S41: 5 | T41: 5 | U41: 5
A42: =IF(COUNTIF('Icon Lookup'!C:C,B42)>0,LOOKUP(B42,'Icon Lookup'!C:C,'Icon Lookup'!B:B),"") | B42: Staraptor | D42: 68 | E42: =IMAGE("https://www.serebii.net/itemdex/sprites/focussash.png") | F42: Intimidate | G42: Focus Sash | H42: Close Combat / Pluck / Sunny Day / U-turn | I42: Jolly | J42: 60 | K42: 132 | L42: 36 | M42: 0 | N42: 36 | O42: 244 | P42: 5 | Q42: 5 | R42: 5 | S42: 5 | T42: 5 | U42: 5
B43: Trainer ID 667 | D43: Pokémon Trainer Cedric | H43: (note: Cedric is the name used for Barry internally)
A44: =IF(COUNTIF('Icon Lookup'!C:C,B44)>0,LOOKUP(B44,'Icon Lookup'!C:C,'Icon Lookup'!B:B),"") | B44: Infernape | C44: ! | D44: 74 | E44: =IMAGE("https://www.serebii.net/itemdex/sprites/expertbelt.png") | F44: Blaze | G44: Expert Belt | H44: Close Combat / Flare Blitz / U-turn / Shadow Claw | I44: Jolly | J44: 52 | K44: 0 | L44: 52 | M44: 188 | N44: 52 | O44: 164 | P44: 11 | Q44: 11 | R44: 11 | S44: 11 | T44: 11 | U44: 11
A45: =IF(COUNTIF('Icon Lookup'!C:C,B45)>0,LOOKUP(B45,'Icon Lookup'!C:C,'Icon Lookup'!B:B),"") | B45: Infernape | C45: ! | D45: 74 | E45: =IMAGE("https://www.serebii.net/itemdex/sprites/expertbelt.png") | F45: Blaze | G45: Expert Belt | H45: Close Combat / Flare Blitz / U-turn / Shadow Claw | I45: Jolly | J45: 52 | K45: 188 | L45: 52 | M45: 0 | N45: 52 | O45: 164 | P45: 11 | Q45: 11 | R45: 11 | S45: 11 | T45: 11 | U45: 11
B46: Trainer ID 668 | D46: Pokémon Trainer Cedric | H46: (note: Cedric is the name used for Barry internally)
A47: =IF(COUNTIF('Icon Lookup'!C:C,B47)>0,LOOKUP(B47,'Icon Lookup'!C:C,'Icon Lookup'!B:B),"") | B47: Staraptor | D47: 68 | E47: =IMAGE("https://www.serebii.net/itemdex/sprites/focussash.png") | F47: Intimidate | G47: Focus Sash | H47: Close Combat / Pluck / Endeavor / U-turn | I47: Jolly | J47: 60 | K47: 132 | L47: 36 | M47: 0 | N47: 36 | O47: 244 | P47: 5 | Q47: 5 | R47: 5 | S47: 5 | T47: 5 | U47: 5
A48: =IF(COUNTIF('Icon Lookup'!C:C,B48)>0,LOOKUP(B48,'Icon Lookup'!C:C,'Icon Lookup'!B:B),"") | B48: Staraptor | D48: 68 | E48: =IMAGE("https://www.serebii.net/itemdex/sprites/focussash.png") | F48: Intimidate | G48: Focus Sash | H48: Close Combat / Pluck / Rain Dance / U-turn | I48: Jolly | J48: 60 | K48: 132 | L48: 36 | M48: 0 | N48: 36 | O48: 244 | P48: 5 | Q48: 5 | R48: 5 | S48: 5 | T48: 5 | U48: 5
A49: =IF(COUNTIF('Icon Lookup'!C:C,B49)>0,LOOKUP(B49,'Icon Lookup'!C:C,'Icon Lookup'!B:B),"") | B49: Roserade | D49: 69 | E49: =IMAGE("https://www.serebii.net/itemdex/sprites/blacksludge.png") | F49: Poison Point | G49: Black Sludge | H49: Sludge Bomb / Giga Drain / Stun Spore / Shadow Ball | I49: Timid | J49: 40 | K49: 0 | L49: 40 | M49: 136 | N49: 40 | O49: 248 | P49: 6 | Q49: 6 | R49: 6 | S49: 6 | T49: 6 | U49: 6
A50: =IF(COUNTIF('Icon Lookup'!C:C,B50)>0,LOOKUP(B50,'Icon Lookup'!C:C,'Icon Lookup'!B:B),"") | B50: Roserade | D50: 69 | E50: =IMAGE("https://www.serebii.net/itemdex/sprites/blacksludge.png") | F50: Natural Cure | G50: Black Sludge | H50: Sludge Bomb / Giga Drain / Stun Spore / Shadow Ball | I50: Timid | J50: 40 | K50: 0 | L50: 40 | M50: 136 | N50: 40 | O50: 248 | P50: 6 | Q50: 6 | R50: 6 | S50: 6 | T50: 6 | U50: 6
A51: =IF(COUNTIF('Icon Lookup'!C:C,B51)>0,LOOKUP(B51,'Icon Lookup'!C:C,'Icon Lookup'!B:B),"") | B51: Empoleon | C51: ! | D51: 74 | E51: =IMAGE("https://www.serebii.net/itemdex/sprites/quickclaw.png") | F51: Torrent | G51: Quick Claw | H51: Aqua Jet / Grass Knot / Surf / Flash Cannon | I51: Timid | J51: 52 | K51: 188 | L51: 52 | M51: 0 | N51: 52 | O51: 164 | P51: 11 | Q51: 11 | R51: 11 | S51: 11 | T51: 11 | U51: 11
A52: =IF(COUNTIF('Icon Lookup'!C:C,B52)>0,LOOKUP(B52,'Icon Lookup'!C:C,'Icon Lookup'!B:B),"") | B52: Empoleon | C52: ! | D52: 74 | E52: =IMAGE("https://www.serebii.net/itemdex/sprites/quickclaw.png") | F52: Torrent | G52: Quick Claw | H52: Aqua Jet / Grass Knot / Surf / Flash Cannon | I52: Timid | J52: 52 | K52: 0 | L52: 52 | M52: 188 | N52: 52 | O52: 164 | P52: 11 | Q52: 11 | R52: 11 | S52: 11 | T52: 11 | U52: 11
B53: Trainer ID 682 | D53: Gym Leader Byron
A54: =IF(COUNTIF('Icon Lookup'!C:C,B54)>0,LOOKUP(B54,'Icon Lookup'!C:C,'Icon Lookup'!B:B),"") | B54: Aggron | D54: 72 | E54: =IMAGE("https://www.serebii.net/itemdex/sprites/choicescarf.png") | F54: Rock Head | G54: Choice Scarf | H54: Head Smash | I54: Jolly | J54: 6 | K54: 252 | L54: 0 | M54: 0 | N54: 0 | O54: 252 | P54: 31 | Q54: 31 | R54: 31 | S54: 31 | T54: 31 | U54: 31
A55: =IF(COUNTIF('Icon Lookup'!C:C,B55)>0,LOOKUP(B55,'Icon Lookup'!C:C,'Icon Lookup'!B:B),"") | B55: Aggron | D55: 71 | E55: =IMAGE("https://www.serebii.net/itemdex/sprites/choicescarf.png") | F55: Rock Head | G55: Choice Scarf | H55: Head Smash | I55: Jolly | J55: 6 | K55: 252 | L55: 0 | M55: 0 | N55: 0 | O55: 252 | P55: 31 | Q55: 31 | R55: 31 | S55: 31 | T55: 31 | U55: 31
B56: Trainer ID 684 | D56: Pokémon Trainer Lucas
A57: =IF(COUNTIF('Icon Lookup'!C:C,B57)>0,LOOKUP(B57,'Icon Lookup'!C:C,'Icon Lookup'!B:B),"") | B57: Torterra | C57: ! | D57: 64 | E57: =IMAGE("https://www.serebii.net/itemdex/sprites/leftovers.png") | F57: Shell Armor | G57: Leftovers | H57: Earthquake / Synthesis / Leech Seed / Curse | I57: Brave | J57: 252 | K57: 252 | L57: 0 | M57: 0 | N57: 6 | O57: 0 | P57: 31 | Q57: 31 | R57: 31 | S57: 31 | T57: 31 | U57: 0
A58: =IF(COUNTIF('Icon Lookup'!C:C,B58)>0,LOOKUP(B58,'Icon Lookup'!C:C,'Icon Lookup'!B:B),"") | B58: Torterra | C58: ! | D58: 64 | E58: =IMAGE("https://www.serebii.net/itemdex/sprites/leftovers.png") | F58: Overgrow | G58: Leftovers | H58: Earthquake / Synthesis / Leech Seed / Curse | I58: Brave | J58: 252 | K58: 252 | L58: 0 | M58: 0 | N58: 6 | O58: 0 | P58: 31 | Q58: 31 | R58: 31 | S58: 31 | T58: 31 | U58: 0
B59: Trainer ID 685 | D59: Pokémon Trainer Lucas
A60: =IF(COUNTIF('Icon Lookup'!C:C,B60)>0,LOOKUP(B60,'Icon Lookup'!C:C,'Icon Lookup'!B:B),"") | B60: Infernape | C60: ! | D60: 64 | E60: =IMAGE("https://www.serebii.net/itemdex/sprites/choicescarf.png") | F60: Blaze | G60: Choice Scarf | H60: Overheat / Close Combat / Stone Edge / Grass Knot | I60: Rash | J60: 0 | K60: 252 | L60: 0 | M60: 252 | N60: 0 | O60: 6 | P60: 31 | Q60: 31 | R60: 31 | S60: 31 | T60: 31 | U60: 31
A61: =IF(COUNTIF('Icon Lookup'!C:C,B61)>0,LOOKUP(B61,'Icon Lookup'!C:C,'Icon Lookup'!B:B),"") | B61: Infernape | C61: ! | D61: 64 | E61: =IMAGE("https://www.serebii.net/itemdex/sprites/whiteherb.png") | F61: Blaze | G61: White Herb | H61: Earthquake / Close Combat / Flare Blitz / Acrobatics | I61: Jolly | J61: 6 | K61: 252 | L61: 0 | M61: 0 | N61: 0 | O61: 252 | P61: 31 | Q61: 31 | R61: 31 | S61: 31 | T61: 31 | U61: 31
B62: Trainer ID 686 | D62: Pokémon Trainer Lucas
A63: =IF(COUNTIF('Icon Lookup'!C:C,B63)>0,LOOKUP(B63,'Icon Lookup'!C:C,'Icon Lookup'!B:B),"") | B63: Empoleon | C63: ! | D63: 64 | E63: =IMAGE("https://www.serebii.net/itemdex/sprites/choiceband.png") | F63: Defiant | G63: Choice Band | H63: Aqua Jet / Waterfall / Steel Wing / Earthquake | I63: Adamant | J63: 252 | K63: 252 | L63: 6 | M63: 0 | N63: 0 | O63: 0 | P63: 31 | Q63: 31 | R63: 31 | S63: 31 | T63: 31 | U63: 31
A64: =IF(COUNTIF('Icon Lookup'!C:C,B64)>0,LOOKUP(B64,'Icon Lookup'!C:C,'Icon Lookup'!B:B),"") | B64: Empoleon | C64: ! | D64: 64 | E64: =IMAGE("https://www.serebii.net/itemdex/sprites/choiceband.png") | F64: Torrent | G64: Choice Band | H64: Aqua Jet / Waterfall / Steel Wing / Earthquake | I64: Hardy | J64: 252 | K64: 252 | L64: 6 | M64: 0 | N64: 0 | O64: 0 | P64: 31 | Q64: 31 | R64: 31 | S64: 31 | T64: 31 | U64: 31
B65: Trainer ID 687 | D65: Pokémon Trainer Lucas
A66: =IF(COUNTIF('Icon Lookup'!C:C,B66)>0,LOOKUP(B66,'Icon Lookup'!C:C,'Icon Lookup'!B:B),"") | B66: Torterra | C66: ! | D66: 74 | E66: =IMAGE("https://www.serebii.net/itemdex/sprites/leftovers.png") | F66: Shell Armor | G66: Leftovers | H66: Earthquake / Synthesis / Leech Seed / Curse | I66: Brave | J66: 252 | K66: 252 | L66: 0 | M66: 0 | N66: 6 | O66: 0 | P66: 31 | Q66: 31 | R66: 31 | S66: 31 | T66: 31 | U66: 0
A67: =IF(COUNTIF('Icon Lookup'!C:C,B67)>0,LOOKUP(B67,'Icon Lookup'!C:C,'Icon Lookup'!B:B),"") | B67: Torterra | C67: ! | D67: 74 | E67: =IMAGE("https://www.serebii.net/itemdex/sprites/leftovers.png") | F67: Overgrow | G67: Leftovers | H67: Earthquake / Synthesis / Leech Seed / Curse | I67: Brave | J67: 252 | K67: 252 | L67: 0 | M67: 0 | N67: 6 | O67: 0 | P67: 31 | Q67: 31 | R67: 31 | S67: 31 | T67: 31 | U67: 0
B68: Trainer ID 688 | D68: Pokémon Trainer Lucas
A69: =IF(COUNTIF('Icon Lookup'!C:C,B69)>0,LOOKUP(B69,'Icon Lookup'!C:C,'Icon Lookup'!B:B),"") | B69: Infernape | C69: ! | D69: 74 | E69: =IMAGE("https://www.serebii.net/itemdex/sprites/choicescarf.png") | F69: Blaze | G69: Choice Scarf | H69: Overheat / Close Combat / Stone Edge / Grass Knot | I69: Rash | J69: 0 | K69: 252 | L69: 0 | M69: 252 | N69: 0 | O69: 6 | P69: 31 | Q69: 31 | R69: 31 | S69: 31 | T69: 31 | U69: 31
A70: =IF(COUNTIF('Icon Lookup'!C:C,B70)>0,LOOKUP(B70,'Icon Lookup'!C:C,'Icon Lookup'!B:B),"") | B70: Infernape | C70: ! | D70: 74 | E70: =IMAGE("https://www.serebii.net/itemdex/sprites/whiteherb.png") | F70: Blaze | G70: White Herb | H70: Earthquake / Close Combat / Flare Blitz / Acrobatics | I70: Jolly | J70: 6 | K70: 252 | L70: 0 | M70: 0 | N70: 0 | O70: 252 | P70: 31 | Q70: 31 | R70: 31 | S70: 31 | T70: 31 | U70: 31
B71: Trainer ID 689 | D71: Pokémon Trainer Lucas
A72: =IF(COUNTIF('Icon Lookup'!C:C,B72)>0,LOOKUP(B72,'Icon Lookup'!C:C,'Icon Lookup'!B:B),"") | B72: Tauros | D72: 70 | E72: =IMAGE("https://www.serebii.net/itemdex/sprites/lifeorb.png") | F72: Intimidate | G72: Life Orb | H72: Hyper Beam / Blizzard / Fire Blast / Thunder | I72: Adamant | J72: 6 | K72: 252 | L72: 0 | M72: 0 | N72: 0 | O72: 252 | P72: 31 | Q72: 31 | R72: 31 | S72: 31 | T72: 31 | U72: 31
A73: =IF(COUNTIF('Icon Lookup'!C:C,B73)>0,LOOKUP(B73,'Icon Lookup'!C:C,'Icon Lookup'!B:B),"") | B73: Tauros | D73: 70 | E73: =IMAGE("https://www.serebii.net/itemdex/sprites/lifeorb.png") | F73: Intimidate | G73: Life Orb | H73: Hyper Beam / Blizzard / Fire Blast / Thunder | I73: Modest | J73: 6 | K73: 0 | L73: 0 | M73: 252 | N73: 0 | O73: 252 | P73: 31 | Q73: 31 | R73: 31 | S73: 31 | T73: 31 | U73: 31
A74: =IF(COUNTIF('Icon Lookup'!C:C,B74)>0,LOOKUP(B74,'Icon Lookup'!C:C,'Icon Lookup'!B:B),"") | B74: Empoleon | C74: ! | D74: 74 | E74: =IMAGE("https://www.serebii.net/itemdex/sprites/choiceband.png") | F74: Defiant | G74: Choice Band | H74: Aqua Jet / Waterfall / Steel Wing / Earthquake | I74: Adamant | J74: 252 | K74: 252 | L74: 6 | M74: 0 | N74: 0 | O74: 0 | P74: 31 | Q74: 31 | R74: 31 | S74: 31 | T74: 31 | U74: 31
A75: =IF(COUNTIF('Icon Lookup'!C:C,B75)>0,LOOKUP(B75,'Icon Lookup'!C:C,'Icon Lookup'!B:B),"") | B75: Empoleon | C75: ! | D75: 74 | E75: =IMAGE("https://www.serebii.net/itemdex/sprites/choiceband.png") | F75: Torrent | G75: Choice Band | H75: Aqua Jet / Waterfall / Steel Wing / Earthquake | I75: Hardy | J75: 252 | K75: 252 | L75: 6 | M75: 0 | N75: 0 | O75: 0 | P75: 31 | Q75: 31 | R75: 31 | S75: 31 | T75: 31 | U75: 31
B76: Trainer ID 690 | D76: Pokémon Trainer Dawn
A77: =IF(COUNTIF('Icon Lookup'!C:C,B77)>0,LOOKUP(B77,'Icon Lookup'!C:C,'Icon Lookup'!B:B),"") | B77: Torterra | C77: ! | D77: 64 | E77: =IMAGE("https://www.serebii.net/itemdex/sprites/yacheberry.png") | F77: Overgrow | G77: Yache Berry | H77: Wood Hammer / Earthquake / Stone Edge / Curse | I77: Adamant | J77: 128 | K77: 252 | L77: 128 | M77: 0 | N77: 0 | O77: 0 | P77: 31 | Q77: 31 | R77: 31 | S77: 31 | T77: 31 | U77: 31
A78: =IF(COUNTIF('Icon Lookup'!C:C,B78)>0,LOOKUP(B78,'Icon Lookup'!C:C,'Icon Lookup'!B:B),"") | B78: Torterra | C78: ! | D78: 64 | E78: =IMAGE("https://www.serebii.net/itemdex/sprites/yacheberry.png") | F78: Overgrow | G78: Yache Berry | H78: Wood Hammer / Earthquake / Stone Edge / Curse | I78: Brave | J78: 128 | K78: 252 | L78: 128 | M78: 0 | N78: 0 | O78: 0 | P78: 31 | Q78: 31 | R78: 31 | S78: 31 | T78: 31 | U78: 31
B79: Trainer ID 691 | D79: Pokémon Trainer Dawn
A80: =IF(COUNTIF('Icon Lookup'!C:C,B80)>0,LOOKUP(B80,'Icon Lookup'!C:C,'Icon Lookup'!B:B),"") | B80: Infernape | C80: ! | D80: 64 | E80: =IMAGE("https://www.serebii.net/itemdex/sprites/expertbelt.png") | F80: Blaze | G80: Expert Belt | H80: Overheat / Focus Blast / Grass Knot / U-turn | I80: Modest | J80: 6 | K80: 0 | L80: 0 | M80: 252 | N80: 0 | O80: 252 | P80: 31 | Q80: 31 | R80: 31 | S80: 31 | T80: 31 | U80: 31
A81: =IF(COUNTIF('Icon Lookup'!C:C,B81)>0,LOOKUP(B81,'Icon Lookup'!C:C,'Icon Lookup'!B:B),"") | B81: Infernape | C81: ! | D81: 64 | E81: =IMAGE("https://www.serebii.net/itemdex/sprites/expertbelt.png") | F81: Blaze | G81: Expert Belt | H81: Flare Blitz / Close Combat / Earthquake / U-turn | I81: Jolly | J81: 6 | K81: 252 | L81: 0 | M81: 0 | N81: 0 | O81: 252 | P81: 31 | Q81: 31 | R81: 31 | S81: 31 | T81: 31 | U81: 31
B82: Trainer ID 692 | D82: Pokémon Trainer Dawn
A83: =IF(COUNTIF('Icon Lookup'!C:C,B83)>0,LOOKUP(B83,'Icon Lookup'!C:C,'Icon Lookup'!B:B),"") | B83: Empoleon | C83: ! | D83: 64 | E83: =IMAGE("https://www.serebii.net/itemdex/sprites/leftovers.png") | F83: Torrent | G83: Leftovers | H83: Hydro Pump / Flash Cannon / Ice Beam / Grass Knot | I83: Modest | J83: 252 | K83: 0 | L83: 0 | M83: 252 | N83: 0 | O83: 6 | P83: 31 | Q83: 31 | R83: 31 | S83: 31 | T83: 31 | U83: 31
A84: =IF(COUNTIF('Icon Lookup'!C:C,B84)>0,LOOKUP(B84,'Icon Lookup'!C:C,'Icon Lookup'!B:B),"") | B84: Empoleon | C84: ! | D84: 64 | E84: =IMAGE("https://www.serebii.net/itemdex/sprites/leftovers.png") | F84: Torrent | G84: Leftovers | H84: Hydro Pump / Flash Cannon / Ice Beam / Grass Knot | I84: Hardy | J84: 252 | K84: 0 | L84: 0 | M84: 252 | N84: 0 | O84: 6 | P84: 31 | Q84: 31 | R84: 31 | S84: 31 | T84: 31 | U84: 31
B85: Trainer ID 693 | D85: Pokémon Trainer Dawn
A86: =IF(COUNTIF('Icon Lookup'!C:C,B86)>0,LOOKUP(B86,'Icon Lookup'!C:C,'Icon Lookup'!B:B),"") | B86: Torterra | C86: ! | D86: 74 | E86: =IMAGE("https://www.serebii.net/itemdex/sprites/yacheberry.png") | F86: Overgrow | G86: Yache Berry | H86: Wood Hammer / Earthquake / Stone Edge / Curse | I86: Adamant | J86: 128 | K86: 252 | L86: 128 | M86: 0 | N86: 0 | O86: 0 | P86: 31 | Q86: 31 | R86: 31 | S86: 31 | T86: 31 | U86: 31
A87: =IF(COUNTIF('Icon Lookup'!C:C,B87)>0,LOOKUP(B87,'Icon Lookup'!C:C,'Icon Lookup'!B:B),"") | B87: Torterra | C87: ! | D87: 74 | E87: =IMAGE("https://www.serebii.net/itemdex/sprites/yacheberry.png") | F87: Overgrow | G87: Yache Berry | H87: Wood Hammer / Earthquake / Stone Edge / Curse | I87: Brave | J87: 128 | K87: 252 | L87: 128 | M87: 0 | N87: 0 | O87: 0 | P87: 31 | Q87: 31 | R87: 31 | S87: 31 | T87: 31 | U87: 31
B88: Trainer ID 694 | D88: Pokémon Trainer Dawn
A89: =IF(COUNTIF('Icon Lookup'!C:C,B89)>0,LOOKUP(B89,'Icon Lookup'!C:C,'Icon Lookup'!B:B),"") | B89: Infernape | C89: ! | D89: 74 | E89: =IMAGE("https://www.serebii.net/itemdex/sprites/expertbelt.png") | F89: Blaze | G89: Expert Belt | H89: Overheat / Focus Blast / Grass Knot / U-turn | I89: Modest | J89: 6 | K89: 0 | L89: 0 | M89: 252 | N89: 0 | O89: 252 | P89: 31 | Q89: 31 | R89: 31 | S89: 31 | T89: 31 | U89: 31
A90: =IF(COUNTIF('Icon Lookup'!C:C,B90)>0,LOOKUP(B90,'Icon Lookup'!C:C,'Icon Lookup'!B:B),"") | B90: Infernape | C90: ! | D90: 74 | E90: =IMAGE("https://www.serebii.net/itemdex/sprites/expertbelt.png") | F90: Blaze | G90: Expert Belt | H90: Flare Blitz / Close Combat / Earthquake / U-turn | I90: Jolly | J90: 6 | K90: 252 | L90: 0 | M90: 0 | N90: 0 | O90: 252 | P90: 31 | Q90: 31 | R90: 31 | S90: 31 | T90: 31 | U90: 31
B91: Trainer ID 695 | D91: Pokémon Trainer Dawn
A92: =IF(COUNTIF('Icon Lookup'!C:C,B92)>0,LOOKUP(B92,'Icon Lookup'!C:C,'Icon Lookup'!B:B),"") | B92: Togekiss | D92: 68 | E92: =IMAGE("https://www.serebii.net/itemdex/sprites/lumberry.png") | F92: Serene Grace | G92: Lum Berry | H92: Dazzling Gleam / Air Slash / Aura Sphere / Thunder Wave | I92: Timid | J92: 52 | K92: 0 | L92: 0 | M92: 252 | N92: 0 | O92: 204 | P92: 31 | Q92: 31 | R92: 31 | S92: 31 | T92: 31 | U92: 31
A93: =IF(COUNTIF('Icon Lookup'!C:C,B93)>0,LOOKUP(B93,'Icon Lookup'!C:C,'Icon Lookup'!B:B),"") | B93: Togekiss | D93: 68 | E93: =IMAGE("https://www.serebii.net/itemdex/sprites/lumberry.png") | F93: Serene Grace | G93: Lum Berry | H93: Dazzling Gleam / Air Slash / Aura Sphere / Thunder Wave | I93: Timid | J93: 6 | K93: 0 | L93: 0 | M93: 252 | N93: 0 | O93: 252 | P93: 31 | Q93: 31 | R93: 31 | S93: 31 | T93: 31 | U93: 31
A94: =IF(COUNTIF('Icon Lookup'!C:C,B94)>0,LOOKUP(B94,'Icon Lookup'!C:C,'Icon Lookup'!B:B),"") | B94: Empoleon | C94: ! | D94: 74 | E94: =IMAGE("https://www.serebii.net/itemdex/sprites/leftovers.png") | F94: Torrent | G94: Leftovers | H94: Hydro Pump / Flash Cannon / Ice Beam / Grass Knot | I94: Modest | J94: 252 | K94: 0 | L94: 0 | M94: 252 | N94: 0 | O94: 6 | P94: 31 | Q94: 31 | R94: 31 | S94: 31 | T94: 31 | U94: 31
A95: =IF(COUNTIF('Icon Lookup'!C:C,B95)>0,LOOKUP(B95,'Icon Lookup'!C:C,'Icon Lookup'!B:B),"") | B95: Empoleon | C95: ! | D95: 74 | E95: =IMAGE("https://www.serebii.net/itemdex/sprites/leftovers.png") | F95: Torrent | G95: Leftovers | H95: Hydro Pump / Flash Cannon / Ice Beam / Grass Knot | I95: Hardy | J95: 252 | K95: 0 | L95: 0 | M95: 252 | N95: 0 | O95: 6 | P95: 31 | Q95: 31 | R95: 31 | S95: 31 | T95: 31 | U95: 31
B96: Trainer ID 697 | D96: Elite Four Bertha
A97: =IF(COUNTIF('Icon Lookup'!C:C,B97)>0,LOOKUP(B97,'Icon Lookup'!C:C,'Icon Lookup'!B:B),"") | B97: Golem | D97: 68 | E97: =IMAGE("https://www.serebii.net/itemdex/sprites/softsand.png") | F97: Sturdy | G97: Soft Sand | H97: Rock Polish / Heavy Slam / Earthquake / Stone Edge | I97: Jolly | J97: 52 | K97: 0 | L97: 0 | M97: 0 | N97: 0 | O97: 204 | P97: 31 | Q97: 31 | R97: 31 | S97: 0 | T97: 31 | U97: 31
A98: =IF(COUNTIF('Icon Lookup'!C:C,B98)>0,LOOKUP(B98,'Icon Lookup'!C:C,'Icon Lookup'!B:B),"") | B98: Golem | D98: 68 | E98: =IMAGE("https://www.serebii.net/itemdex/sprites/softsand.png") | F98: Sturdy | G98: Soft Sand | H98: Rock Polish / Heavy Slam / Earthquake / Stone Edge | I98: Jolly | J98: 52 | K98: 252 | L98: 0 | M98: 0 | N98: 0 | O98: 204 | P98: 31 | Q98: 31 | R98: 31 | S98: 0 | T98: 31 | U98: 31
B99: Trainer ID 698 | D99: Elite Four Flint
A100: =IF(COUNTIF('Icon Lookup'!C:C,B100)>0,LOOKUP(B100,'Icon Lookup'!C:C,'Icon Lookup'!B:B),"") | B100: Infernape | D100: 71 | E100: =IMAGE("https://www.serebii.net/itemdex/sprites/focussash.png") | F100: Iron Fist | G100: Focus Sash | H100: Fire Punch / Thunder Punch / Close Combat / Mach Punch | I100: Jolly | J100: 52 | K100: 0 | L100: 0 | M100: 0 | N100: 0 | O100: 204 | P100: 31 | Q100: 31 | R100: 31 | S100: 0 | T100: 31 | U100: 31
...
